<?xml version="1.0" encoding="UTF-8" standalone="yes"?>
<list  version="9.0.0" minorVersion="26" exportUser="ADMIN" exportDateTime="08/13/2020 08:51 AM" description="AUTOMATION RECORD TYPE"><capType refId="1@CapTypeModel"><serviceProviderCode>SOLANOCO</serviceProviderCode><group>SEPRULES</group><type>Automation</type><subType>NA</subType><category>NA</category><alias>Automation Configuration</alias><asChildOnly>N</asChildOnly><auditModel><auditDate>2020-05-20T13:33:16.833-05:00</auditDate><auditID>ADMIN</auditID><auditStatus>A</auditStatus></auditModel><capTypeACAModel><feeCalcFactor>H</feeCalcFactor><isIssue>N</isIssue><isRenewal>N</isRenewal><searchableInACA>Y</searchableInACA></capTypeACAModel><capTypeAssetModel><estProdUnits>0.0</estProdUnits><valueRequired>N</valueRequired></capTypeAssetModel><capTypeGISModel><copyAllAssociatedAPO>N</copyAllAssociatedAPO></capTypeGISModel><capTypeMaskModel><capMaskName>SEP_AUTOMATE</capMaskName><capkeyMaskName>Default</capkeyMaskName><partialAltIdMask>Default</partialAltIdMask><temporaryAltIdMask>Default</temporaryAltIdMask></capTypeMaskModel><expirationCode>NONE</expirationCode><feeScheduleName>NO FEES</feeScheduleName><isRenewalOverride>N</isRenewalOverride><isSearchable>Y</isSearchable><moduleName>SEPRULES</moduleName><processCode>TEST</processCode><resId>302</resId><smartChoiceCode>SEPAUTOMATION</smartChoiceCode><specInfoCode>SEP_AUTOMATE</specInfoCode><udCode3>APNANANA</udCode3><capTypeI18NModels/><capTypeRelationList/><capTypeRelationModel><capTypeRelations/><category>NA</category><group>SEPRULES</group><serviceProviderCode>SOLANOCO</serviceProviderCode><subType>NA</subType><type>Automation</type></capTypeRelationModel><capTypeSecurityModel><capTypeSecurityPolicyModels/><capTypeSecurityStatusPolicyModels/><category>NA</category><group>SEPRULES</group><serviceProviderCode>SOLANOCO</serviceProviderCode><subType>NA</subType><type>Automation</type></capTypeSecurityModel><captypeStandardComment><auditModel><auditDate>2020-05-20T13:33:16.833-05:00</auditDate><auditID>ADMIN</auditID><auditStatus>A</auditStatus></auditModel><category>NA</category><entityData4CapType>SEPRULESu266BAutomationu266BNAu266BNA</entityData4CapType><group>SEPRULES</group><serviceProviderCode>SOLANOCO</serviceProviderCode><subType>NA</subType><type>Automation</type><xcommentGroupEntitys/></captypeStandardComment><citizenAccessModel refId="2@CapTypeCitizenAccessModel"><category>NA</category><group>SEPRULES</group><refXEntityPermissionModels/><serviceProviderCode>SOLANOCO</serviceProviderCode><subType>NA</subType><type>Automation</type></citizenAccessModel><isCheckedLiscenedVerification>Y</isCheckedLiscenedVerification><isCloneOptionSelected>Y</isCloneOptionSelected><refLookupTables/><pageStatusModels><pageStatus><importSubItemDisableFlag>false</importSubItemDisableFlag><modelProperty>class</modelProperty><propertyName>alias</propertyName><selectFlag>true</selectFlag><skipFlag>false</skipFlag></pageStatus><pageStatus><importSubItemDisableFlag>false</importSubItemDisableFlag><modelProperty>RefFeeScheduleModel</modelProperty><propertyName>feeScheduleName</propertyName><selectFlag>true</selectFlag><skipFlag>false</skipFlag></pageStatus><pageStatus><importSubItemDisableFlag>false</importSubItemDisableFlag><modelProperty>masterProcessModel</modelProperty><propertyName>processCode</propertyName><selectFlag>true</selectFlag><skipFlag>false</skipFlag></pageStatus><pageStatus><importSubItemDisableFlag>false</importSubItemDisableFlag><modelProperty>smartChoiceGroupModel</modelProperty><propertyName>smartChoiceCode</propertyName><selectFlag>true</selectFlag><skipFlag>false</skipFlag></pageStatus><pageStatus><importSubItemDisableFlag>false</importSubItemDisableFlag><modelProperty>appSpecInfoModel</modelProperty><propertyName>specInfoCode</propertyName><selectFlag>true</selectFlag><skipFlag>false</skipFlag></pageStatus><pageStatus><importSubItemDisableFlag>false</importSubItemDisableFlag><modelProperty>citizenAccessModel</modelProperty><propertyName>citizenAccess</propertyName><selectFlag>true</selectFlag><skipFlag>false</skipFlag></pageStatus><pageStatus><importSubItemDisableFlag>false</importSubItemDisableFlag><modelProperty>capTypeIDMaskModel</modelProperty><propertyName>sequences</propertyName><selectFlag>true</selectFlag><skipFlag>false</skipFlag></pageStatus><pageStatus><importSubItemDisableFlag>false</importSubItemDisableFlag><modelProperty>capTypeSecurityModel</modelProperty><propertyName>securityPermissions</propertyName><selectFlag>true</selectFlag><skipFlag>false</skipFlag></pageStatus><pageStatus><importSubItemDisableFlag>true</importSubItemDisableFlag><modelProperty>inspectionTypeModels</modelProperty><propertyName>inspectionGroupCode</propertyName><selectFlag>false</selectFlag><skipFlag>true</skipFlag></pageStatus><pageStatus><importSubItemDisableFlag>true</importSubItemDisableFlag><modelProperty>documentModels</modelProperty><propertyName>docCode</propertyName><selectFlag>false</selectFlag><skipFlag>true</skipFlag></pageStatus><pageStatus><importSubItemDisableFlag>false</importSubItemDisableFlag><modelProperty>capTypeCondition</modelProperty><propertyName>isCheckedCondition</propertyName><selectFlag>true</selectFlag><skipFlag>false</skipFlag></pageStatus><pageStatus><importSubItemDisableFlag>true</importSubItemDisableFlag><modelProperty>ApplicationStatusGroupModel</modelProperty><propertyName>appStatusGroupCode</propertyName><selectFlag>false</selectFlag><skipFlag>true</skipFlag></pageStatus><pageStatus><importSubItemDisableFlag>false</importSubItemDisableFlag><modelProperty>captypeStandardComment</modelProperty><propertyName>isCheckedStandardCommentGroup</propertyName><selectFlag>true</selectFlag><skipFlag>false</skipFlag></pageStatus><pageStatus><importSubItemDisableFlag>false</importSubItemDisableFlag><modelProperty>lookupTabelModels</modelProperty><propertyName>isCheckedAsiLookup</propertyName><selectFlag>true</selectFlag><skipFlag>false</skipFlag></pageStatus><pageStatus><importSubItemDisableFlag>false</importSubItemDisableFlag><modelProperty>capTypeMeetingType</modelProperty><propertyName>isCheckedMeetingType</propertyName><selectFlag>true</selectFlag><skipFlag>false</skipFlag></pageStatus><pageStatus><importSubItemDisableFlag>false</importSubItemDisableFlag><modelProperty>capTypeRelationModel</modelProperty><propertyName>isCheckedRelatedCapType</propertyName><selectFlag>true</selectFlag><skipFlag>false</skipFlag></pageStatus><pageStatus><importSubItemDisableFlag>false</importSubItemDisableFlag><modelProperty>referenceLicenseVerificationModels</modelProperty><propertyName>isCheckedLiscenedVerification</propertyName><selectFlag>true</selectFlag><skipFlag>false</skipFlag></pageStatus><pageStatus><importSubItemDisableFlag>false</importSubItemDisableFlag><modelProperty>standChoiceModels</modelProperty><propertyName>isCloneOptionSelected</propertyName><selectFlag>true</selectFlag><skipFlag>false</skipFlag></pageStatus></pageStatusModels><postSubmission4ACAModels/><recordTypeString>SEPRULES/Automation/NA/NA</recordTypeString><refAuditFrequencyModels/><referenceLicenseVerificationModels/><stdConditionCapTypes/></capType>
</list>