<?xml version="1.0" encoding="UTF-8" standalone="yes"?>
<list  version="9.0.0" minorVersion="26" exportUser="ADMIN" exportDateTime="08/13/2020 08:51 AM" description="AUTOMATION RECORD TYPE"><formLayoutEditor><screenId>92820</screenId><servProvCode>SOLANOCO</servProvCode><contractNum>0</contractNum><expandNum>0</expandNum><formLayoutEditElementModels><formLayoutEditElementModel><screenElementId>761853</screenElementId><screenId>92820</screenId><servProvCode>SOLANOCO</servProvCode><elementLeft>0</elementLeft><elementTop>0</elementTop><FormLayoutEditElementI18NModels/><recDate>2018-11-01T02:44:28-05:00</recDate><recFulNam>LWACHT</recFulNam><recStatus>A</recStatus><screenElementLabel>Module Name</screenElementLabel><screenElementName>Module_Name</screenElementName><screenGroupCode>SEP_AUTOMATE</screenGroupCode><screenHeight>18</screenHeight><screenSubgroupCode>ADDITIONAL_INFORMATION</screenSubgroupCode><screenWidth>154</screenWidth></formLayoutEditElementModel><formLayoutEditElementModel><screenElementId>761854</screenElementId><screenId>92820</screenId><servProvCode>SOLANOCO</servProvCode><elementLeft>0</elementLeft><elementTop>0</elementTop><FormLayoutEditElementI18NModels/><recDate>2018-11-01T02:44:28-05:00</recDate><recFulNam>LWACHT</recFulNam><recStatus>A</recStatus><screenElementLabel>Agency From Email</screenElementLabel><screenElementName>Agency_From_Email</screenElementName><screenGroupCode>SEP_AUTOMATE</screenGroupCode><screenHeight>18</screenHeight><screenSubgroupCode>ADDITIONAL_INFORMATION</screenSubgroupCode><screenWidth>154</screenWidth></formLayoutEditElementModel></formLayoutEditElementModels><formLayoutEditorI18NModels/><formLayoutPermissionModels><formLayoutPermissionModel><permissionId>41325</permissionId><screenId>92820</screenId><servProvCode>SOLANOCO</servProvCode><permissionAccess>Full</permissionAccess><permissionLevel>MODULE</permissionLevel><permissionValue>AMS</permissionValue><recDate>2018-11-01T02:45:05-05:00</recDate><recFulNam>LWACHT</recFulNam><recStatus>A</recStatus></formLayoutPermissionModel><formLayoutPermissionModel><permissionId>41326</permissionId><screenId>92820</screenId><servProvCode>SOLANOCO</servProvCode><permissionAccess>Full</permissionAccess><permissionLevel>MODULE</permissionLevel><permissionValue>Building</permissionValue><recDate>2018-11-01T02:45:05-05:00</recDate><recFulNam>LWACHT</recFulNam><recStatus>A</recStatus></formLayoutPermissionModel><formLayoutPermissionModel><permissionId>41327</permissionId><screenId>92820</screenId><servProvCode>SOLANOCO</servProvCode><permissionAccess>Full</permissionAccess><permissionLevel>MODULE</permissionLevel><permissionValue>Enforcement</permissionValue><recDate>2018-11-01T02:45:05-05:00</recDate><recFulNam>LWACHT</recFulNam><recStatus>A</recStatus></formLayoutPermissionModel><formLayoutPermissionModel><permissionId>41328</permissionId><screenId>92820</screenId><servProvCode>SOLANOCO</servProvCode><permissionAccess>Full</permissionAccess><permissionLevel>MODULE</permissionLevel><permissionValue>Licenses</permissionValue><recDate>2018-11-01T02:45:05-05:00</recDate><recFulNam>LWACHT</recFulNam><recStatus>A</recStatus></formLayoutPermissionModel><formLayoutPermissionModel><permissionId>41329</permissionId><screenId>92820</screenId><servProvCode>SOLANOCO</servProvCode><permissionAccess>Full</permissionAccess><permissionLevel>MODULE</permissionLevel><permissionValue>Planning</permissionValue><recDate>2018-11-01T02:45:01-05:00</recDate><recFulNam>LWACHT</recFulNam><recStatus>A</recStatus></formLayoutPermissionModel><formLayoutPermissionModel><permissionId>41330</permissionId><screenId>92820</screenId><servProvCode>SOLANOCO</servProvCode><permissionAccess>Full</permissionAccess><permissionLevel>MODULE</permissionLevel><permissionValue>SEPRULES</permissionValue><recDate>2018-11-01T02:45:01-05:00</recDate><recFulNam>LWACHT</recFulNam><recStatus>A</recStatus></formLayoutPermissionModel></formLayoutPermissionModels><isPermissionSelected>Y</isPermissionSelected><recDate>2018-11-01T02:44:28-05:00</recDate><recFulNam>LWACHT</recFulNam><recStatus>A</recStatus><refreshInterval>0</refreshInterval><screenGroupCode>SEP_AUTOMATE</screenGroupCode><screenHeight>0</screenHeight><screenLabel>SEP Automation Tables</screenLabel><screenLayout>&lt;table cellSpacing=0 cellPadding=0&gt;&lt;tbody&gt;&lt;tr&gt;&lt;td colspan="13" rowspan="3"&gt;$__ADDITIONAL_INFORMATION@@@@Module_Name$&lt;/td&gt;&lt;td colspan="13" rowspan="3"&gt;$__ADDITIONAL_INFORMATION@@@@Agency_From_Email$&lt;/td&gt;&lt;td width=12 height=12&gt;&lt;/td&gt;&lt;td width=12 height=12&gt;&lt;/td&gt;&lt;td width=12 height=12&gt;&lt;/td&gt;&lt;td width=12 height=12&gt;&lt;/td&gt;&lt;td width=12 height=12&gt;&lt;/td&gt;&lt;td width=12 height=12&gt;&lt;/td&gt;&lt;td width=12 height=12&gt;&lt;/td&gt;&lt;td width=12 height=12&gt;&lt;/td&gt;&lt;td width=12 height=12&gt;&lt;/td&gt;&lt;td width=12 height=12&gt;&lt;/td&gt;&lt;td width=12 height=12&gt;&lt;/td&gt;&lt;td width=12 height=12&gt;&lt;/td&gt;&lt;td width=12 height=12&gt;&lt;/td&gt;&lt;td width=12 height=12&gt;&lt;/td&gt;&lt;td width=12 height=12&gt;&lt;/td&gt;&lt;td width=12 height=12&gt;&lt;/td&gt;&lt;td width=12 height=12&gt;&lt;/td&gt;&lt;/tr&gt;&lt;tr&gt;&lt;td width=12 height=12&gt;&lt;/td&gt;&lt;td width=12 height=12&gt;&lt;/td&gt;&lt;td width=12 height=12&gt;&lt;/td&gt;&lt;td width=12 height=12&gt;&lt;/td&gt;&lt;td width=12 height=12&gt;&lt;/td&gt;&lt;td width=12 height=12&gt;&lt;/td&gt;&lt;td width=12 height=12&gt;&lt;/td&gt;&lt;td width=12 height=12&gt;&lt;/td&gt;&lt;td width=12 height=12&gt;&lt;/td&gt;&lt;td width=12 height=12&gt;&lt;/td&gt;&lt;td width=12 height=12&gt;&lt;/td&gt;&lt;td width=12 height=12&gt;&lt;/td&gt;&lt;td width=12 height=12&gt;&lt;/td&gt;&lt;td width=12 height=12&gt;&lt;/td&gt;&lt;td width=12 height=12&gt;&lt;/td&gt;&lt;td width=12 height=12&gt;&lt;/td&gt;&lt;td width=12 height=12&gt;&lt;/td&gt;&lt;/tr&gt;&lt;tr&gt;&lt;td width=12 height=12&gt;&lt;/td&gt;&lt;td width=12 height=12&gt;&lt;/td&gt;&lt;td width=12 height=12&gt;&lt;/td&gt;&lt;td width=12 height=12&gt;&lt;/td&gt;&lt;td width=12 height=12&gt;&lt;/td&gt;&lt;td width=12 height=12&gt;&lt;/td&gt;&lt;td width=12 height=12&gt;&lt;/td&gt;&lt;td width=12 height=12&gt;&lt;/td&gt;&lt;td width=12 height=12&gt;&lt;/td&gt;&lt;td width=12 height=12&gt;&lt;/td&gt;&lt;td width=12 height=12&gt;&lt;/td&gt;&lt;td width=12 height=12&gt;&lt;/td&gt;&lt;td width=12 height=12&gt;&lt;/td&gt;&lt;td width=12 height=12&gt;&lt;/td&gt;&lt;td width=12 height=12&gt;&lt;/td&gt;&lt;td width=12 height=12&gt;&lt;/td&gt;&lt;td width=12 height=12&gt;&lt;/td&gt;&lt;/tr&gt;&lt;tr&gt;&lt;td width=12 height=12&gt;&lt;/td&gt;&lt;td width=12 height=12&gt;&lt;/td&gt;&lt;td width=12 height=12&gt;&lt;/td&gt;&lt;td width=12 height=12&gt;&lt;/td&gt;&lt;td width=12 height=12&gt;&lt;/td&gt;&lt;td width=12 height=12&gt;&lt;/td&gt;&lt;td width=12 height=12&gt;&lt;/td&gt;&lt;td width=12 height=12&gt;&lt;/td&gt;&lt;td width=12 height=12&gt;&lt;/td&gt;&lt;td width=12 height=12&gt;&lt;/td&gt;&lt;td width=12 height=12&gt;&lt;/td&gt;&lt;td width=12 height=12&gt;&lt;/td&gt;&lt;td width=12 height=12&gt;&lt;/td&gt;&lt;td width=12 height=12&gt;&lt;/td&gt;&lt;td width=12 height=12&gt;&lt;/td&gt;&lt;td width=12 height=12&gt;&lt;/td&gt;&lt;td width=12 height=12&gt;&lt;/td&gt;&lt;td width=12 height=12&gt;&lt;/td&gt;&lt;td width=12 height=12&gt;&lt;/td&gt;&lt;td width=12 height=12&gt;&lt;/td&gt;&lt;td width=12 height=12&gt;&lt;/td&gt;&lt;td width=12 height=12&gt;&lt;/td&gt;&lt;td width=12 height=12&gt;&lt;/td&gt;&lt;td width=12 height=12&gt;&lt;/td&gt;&lt;td width=12 height=12&gt;&lt;/td&gt;&lt;td width=12 height=12&gt;&lt;/td&gt;&lt;td width=12 height=12&gt;&lt;/td&gt;&lt;td width=12 height=12&gt;&lt;/td&gt;&lt;td width=12 height=12&gt;&lt;/td&gt;&lt;td width=12 height=12&gt;&lt;/td&gt;&lt;td width=12 height=12&gt;&lt;/td&gt;&lt;td width=12 height=12&gt;&lt;/td&gt;&lt;td width=12 height=12&gt;&lt;/td&gt;&lt;td width=12 height=12&gt;&lt;/td&gt;&lt;td width=12 height=12&gt;&lt;/td&gt;&lt;td width=12 height=12&gt;&lt;/td&gt;&lt;td width=12 height=12&gt;&lt;/td&gt;&lt;td width=12 height=12&gt;&lt;/td&gt;&lt;td width=12 height=12&gt;&lt;/td&gt;&lt;td width=12 height=12&gt;&lt;/td&gt;&lt;td width=12 height=12&gt;&lt;/td&gt;&lt;td width=12 height=12&gt;&lt;/td&gt;&lt;td width=12 height=12&gt;&lt;/td&gt;&lt;/tr&gt;&lt;tr&gt;&lt;td width=12 height=12&gt;&lt;/td&gt;&lt;td width=12 height=12&gt;&lt;/td&gt;&lt;td width=12 height=12&gt;&lt;/td&gt;&lt;td width=12 height=12&gt;&lt;/td&gt;&lt;td width=12 height=12&gt;&lt;/td&gt;&lt;td width=12 height=12&gt;&lt;/td&gt;&lt;td width=12 height=12&gt;&lt;/td&gt;&lt;td width=12 height=12&gt;&lt;/td&gt;&lt;td width=12 height=12&gt;&lt;/td&gt;&lt;td width=12 height=12&gt;&lt;/td&gt;&lt;td width=12 height=12&gt;&lt;/td&gt;&lt;td width=12 height=12&gt;&lt;/td&gt;&lt;td width=12 height=12&gt;&lt;/td&gt;&lt;td width=12 height=12&gt;&lt;/td&gt;&lt;td width=12 height=12&gt;&lt;/td&gt;&lt;td width=12 height=12&gt;&lt;/td&gt;&lt;td width=12 height=12&gt;&lt;/td&gt;&lt;td width=12 height=12&gt;&lt;/td&gt;&lt;td width=12 height=12&gt;&lt;/td&gt;&lt;td width=12 height=12&gt;&lt;/td&gt;&lt;td width=12 height=12&gt;&lt;/td&gt;&lt;td width=12 height=12&gt;&lt;/td&gt;&lt;td width=12 height=12&gt;&lt;/td&gt;&lt;td width=12 height=12&gt;&lt;/td&gt;&lt;td width=12 height=12&gt;&lt;/td&gt;&lt;td width=12 height=12&gt;&lt;/td&gt;&lt;td width=12 height=12&gt;&lt;/td&gt;&lt;td width=12 height=12&gt;&lt;/td&gt;&lt;td width=12 height=12&gt;&lt;/td&gt;&lt;td width=12 height=12&gt;&lt;/td&gt;&lt;td width=12 height=12&gt;&lt;/td&gt;&lt;td width=12 height=12&gt;&lt;/td&gt;&lt;td width=12 height=12&gt;&lt;/td&gt;&lt;td width=12 height=12&gt;&lt;/td&gt;&lt;td width=12 height=12&gt;&lt;/td&gt;&lt;td width=12 height=12&gt;&lt;/td&gt;&lt;td width=12 height=12&gt;&lt;/td&gt;&lt;td width=12 height=12&gt;&lt;/td&gt;&lt;td width=12 height=12&gt;&lt;/td&gt;&lt;td width=12 height=12&gt;&lt;/td&gt;&lt;td width=12 height=12&gt;&lt;/td&gt;&lt;td width=12 height=12&gt;&lt;/td&gt;&lt;td width=12 height=12&gt;&lt;/td&gt;&lt;/tr&gt;&lt;tr&gt;&lt;td colspan="42" rowspan="5" class="inputfieldlabel"&gt;$_@@@@TABLE@@@@$&lt;/td&gt;&lt;td width=12 height=12&gt;&lt;/td&gt;&lt;/tr&gt;&lt;tr&gt;&lt;td width=12 height=12&gt;&lt;/td&gt;&lt;/tr&gt;&lt;tr&gt;&lt;td width=12 height=12&gt;&lt;/td&gt;&lt;/tr&gt;&lt;tr&gt;&lt;td width=12 height=12&gt;&lt;/td&gt;&lt;/tr&gt;&lt;tr&gt;&lt;td width=12 height=12&gt;&lt;/td&gt;&lt;/tr&gt;&lt;/tbody&gt;&lt;/table&gt;</screenLayout><screenName>SEP Automation Tables</screenName><screenType>ASI</screenType><screenWidth>0</screenWidth><sizeUnit>0</sizeUnit></formLayoutEditor>
</list>