<?xml version="1.0" encoding="UTF-8" standalone="yes"?>
<list  version="9.0.0" minorVersion="26" exportUser="ADMIN" exportDateTime="08/13/2020 08:51 AM" description="AUTOMATION RECORD TYPE"><mask><name>Default</name><serviceProviderCode>SOLANOCO</serviceProviderCode><type>Cap Key</type><auditModel><auditDate>2014-03-20T12:46:14-05:00</auditDate><auditID>SYSTEM</auditID><auditStatus>A</auditStatus></auditModel><description>Default Cap Key Mask</description><maxLength>17</maxLength><minLength>17</minLength><pattern>REC$$yy$$-00000-$$SEQ05$$</pattern><radixValue>36</radixValue><seqName>Default</seqName></mask>
<mask><name>SEP_AUTOMATE</name><serviceProviderCode>SOLANOCO</serviceProviderCode><type>Cap ID</type><auditModel><auditDate>2018-11-06T04:04:24-06:00</auditDate><auditID>SYSTEM</auditID><auditStatus>A</auditStatus></auditModel><description> </description><maxLength>30</maxLength><minLength>1</minLength><pattern>AUTOMATE$$YY$$-$$SEQ03$$</pattern><radixValue>10</radixValue><seqName>SEP_AUTOMATE</seqName></mask>
<mask><name>Default</name><serviceProviderCode>SOLANOCO</serviceProviderCode><type>Partial CAP ID</type><auditModel><auditDate>2017-07-25T14:03:52-05:00</auditDate><auditID>ADMIN</auditID><auditStatus>A</auditStatus></auditModel><description>Mask Definition for Partial CAP ID</description><maxLength>30</maxLength><minLength>1</minLength><pattern>$$yy$$EST-$$SEQ06$$</pattern><radixValue>10</radixValue><seqName>Default</seqName></mask>
<mask><name>Default</name><serviceProviderCode>SOLANOCO</serviceProviderCode><type>Temporary CAP ID</type><auditModel><auditDate>2017-07-25T14:03:52-05:00</auditDate><auditID>ADMIN</auditID><auditStatus>A</auditStatus></auditModel><description>Mask Definition for Temporary CAP ID</description><maxLength>30</maxLength><minLength>1</minLength><pattern>$$yy$$TMP-$$SEQ06$$</pattern><radixValue>10</radixValue><seqName>Default</seqName></mask>
</list>