<?xml version="1.0" encoding="UTF-8" standalone="yes"?>
<list  version="9.0.0" minorVersion="26" exportUser="ADMIN" exportDateTime="08/13/2020 08:51 AM" description="AUTOMATION RECORD TYPE"><refFeeSchedule refId="1@RefFeeScheduleModel"><serviceProviderCode>SOLANOCO</serviceProviderCode><feeScheduleName>NO FEES</feeScheduleName><feeScheduleVersion>1.0</feeScheduleVersion><auditModel><auditDate>2019-03-24T14:43:53-05:00</auditDate><auditID>ADMIN</auditID><auditStatus>I</auditStatus></auditModel><effDate>2016-12-30T20:00:00-06:00</effDate><refFeeItemModels/><refFeeScheduleI18NModels/><feeScheduleModuleModels/><refFeeItemgroups/></refFeeSchedule>
<refFeeSchedule refId="1@RefFeeScheduleModel"><serviceProviderCode>SOLANOCO</serviceProviderCode><feeScheduleName>NO FEES</feeScheduleName><feeScheduleVersion>VERSION 1</feeScheduleVersion><auditModel><auditDate>2019-03-24T14:43:53-05:00</auditDate><auditID>ADMIN</auditID><auditStatus>I</auditStatus></auditModel><effDate>2013-07-01T00:00:00-05:00</effDate><refFeeItemModels/><refFeeScheduleI18NModels/><feeScheduleModuleModels/><refFeeItemgroups/></refFeeSchedule>
</list>