<?xml version="1.0" encoding="UTF-8" standalone="yes"?>
<list  version="9.0.0" minorVersion="26" exportUser="ADMIN" exportDateTime="08/13/2020 08:51 AM" description="AUTOMATION RECORD TYPE"><sequence refId="1@SequenceModel"><name>Default</name><serviceProviderCode>SOLANOCO</serviceProviderCode><type>Cap Key</type><auditModel><auditDate>2011-06-06T11:25:34-05:00</auditDate><auditID>SYSTEM</auditID><auditStatus>A</auditStatus></auditModel><cacheSize>1</cacheSize><description>Default Cap Key</description><increaseValue>1</increaseValue><intervalType>CY</intervalType><minValue>1</minValue><resetAction>E</resetAction><resetValue>60466175</resetValue><sequenceIntervalModels><sequenceInterval><intervalName>CY2011</intervalName><sequenceName>Default</sequenceName><sequenceType>Cap Key</sequenceType><serviceProviderCode>SOLANOCO</serviceProviderCode><auditModel><auditDate>2011-12-29T12:44:35-06:00</auditDate><auditID>SYSTEM@(*&amp;$@#</auditID><auditStatus>A</auditStatus></auditModel><lastSequenceNbr>0</lastSequenceNbr></sequenceInterval><sequenceInterval><intervalName>CY2012</intervalName><sequenceName>Default</sequenceName><sequenceType>Cap Key</sequenceType><serviceProviderCode>SOLANOCO</serviceProviderCode><auditModel><auditDate>2012-09-17T09:40:48-05:00</auditDate><auditID>SYSTEM@(*&amp;$@#</auditID><auditStatus>A</auditStatus></auditModel><lastSequenceNbr>0</lastSequenceNbr></sequenceInterval><sequenceInterval><intervalName>CY2013</intervalName><sequenceName>Default</sequenceName><sequenceType>Cap Key</sequenceType><serviceProviderCode>SOLANOCO</serviceProviderCode><auditModel><auditDate>2013-12-02T14:57:50-06:00</auditDate><auditID>SYSTEM@(*&amp;$@#</auditID><auditStatus>A</auditStatus></auditModel><lastSequenceNbr>0</lastSequenceNbr></sequenceInterval><sequenceInterval><intervalName>CY2014</intervalName><sequenceName>Default</sequenceName><sequenceType>Cap Key</sequenceType><serviceProviderCode>SOLANOCO</serviceProviderCode><auditModel><auditDate>2014-09-22T12:54:31-05:00</auditDate><auditID>SYSTEM@(*&amp;$@#</auditID><auditStatus>A</auditStatus></auditModel><lastSequenceNbr>0</lastSequenceNbr></sequenceInterval><sequenceInterval><intervalName>CY2015</intervalName><sequenceName>Default</sequenceName><sequenceType>Cap Key</sequenceType><serviceProviderCode>SOLANOCO</serviceProviderCode><auditModel><auditDate>2015-12-17T15:58:44-06:00</auditDate><auditID>SYSTEM@(*&amp;$@#</auditID><auditStatus>A</auditStatus></auditModel><lastSequenceNbr>0</lastSequenceNbr></sequenceInterval><sequenceInterval><intervalName>CY2016</intervalName><sequenceName>Default</sequenceName><sequenceType>Cap Key</sequenceType><serviceProviderCode>SOLANOCO</serviceProviderCode><auditModel><auditDate>2016-12-26T17:15:54-06:00</auditDate><auditID>SYSTEM@(*&amp;$@#</auditID><auditStatus>A</auditStatus></auditModel><lastSequenceNbr>0</lastSequenceNbr></sequenceInterval><sequenceInterval><intervalName>CY2017</intervalName><sequenceName>Default</sequenceName><sequenceType>Cap Key</sequenceType><serviceProviderCode>SOLANOCO</serviceProviderCode><auditModel><auditDate>2017-12-29T12:41:51-06:00</auditDate><auditID>SYSTEM@(*&amp;$@#</auditID><auditStatus>A</auditStatus></auditModel><lastSequenceNbr>0</lastSequenceNbr></sequenceInterval><sequenceInterval><intervalName>CY2018</intervalName><sequenceName>Default</sequenceName><sequenceType>Cap Key</sequenceType><serviceProviderCode>SOLANOCO</serviceProviderCode><auditModel><auditDate>2018-12-31T02:39:34-06:00</auditDate><auditID>SYSTEM@(*&amp;$@#</auditID><auditStatus>A</auditStatus></auditModel><lastSequenceNbr>0</lastSequenceNbr></sequenceInterval><sequenceInterval><intervalName>CY2019</intervalName><sequenceName>Default</sequenceName><sequenceType>Cap Key</sequenceType><serviceProviderCode>SOLANOCO</serviceProviderCode><auditModel><auditDate>2019-12-30T12:22:05-06:00</auditDate><auditID>SYSTEM@(*&amp;$@#</auditID><auditStatus>A</auditStatus></auditModel><lastSequenceNbr>5</lastSequenceNbr></sequenceInterval><sequenceInterval><intervalName>CY2020</intervalName><sequenceName>Default</sequenceName><sequenceType>Cap Key</sequenceType><serviceProviderCode>SOLANOCO</serviceProviderCode><auditModel><auditDate>2020-08-12T15:52:04.117-05:00</auditDate><auditID>SYSTEM@(*&amp;$@#</auditID><auditStatus>A</auditStatus></auditModel><lastSequenceNbr>2379</lastSequenceNbr></sequenceInterval></sequenceIntervalModels></sequence>
<sequence refId="1@SequenceModel"><name>SEP_AUTOMATE</name><serviceProviderCode>SOLANOCO</serviceProviderCode><type>Cap ID</type><auditModel><auditDate>2018-11-06T04:02:34-06:00</auditDate><auditID>SYSTEM</auditID><auditStatus>A</auditStatus></auditModel><cacheSize>1</cacheSize><description> </description><increaseValue>1</increaseValue><intervalType>CY</intervalType><minValue>1</minValue><resetAction>E</resetAction><resetValue>999999</resetValue><sequenceIntervalModels><sequenceInterval><intervalName>CY2019</intervalName><sequenceName>SEP_AUTOMATE</sequenceName><sequenceType>Cap ID</sequenceType><serviceProviderCode>SOLANOCO</serviceProviderCode><auditModel><auditDate>2019-12-07T14:17:08-06:00</auditDate><auditID>SYSTEM@(*&amp;$@#</auditID><auditStatus>A</auditStatus></auditModel><lastSequenceNbr>0</lastSequenceNbr></sequenceInterval><sequenceInterval><intervalName>CY2020</intervalName><sequenceName>SEP_AUTOMATE</sequenceName><sequenceType>Cap ID</sequenceType><serviceProviderCode>SOLANOCO</serviceProviderCode><auditModel><auditDate>2020-05-29T11:07:19.167-05:00</auditDate><auditID>SYSTEM@(*&amp;$@#</auditID><auditStatus>A</auditStatus></auditModel><lastSequenceNbr>1</lastSequenceNbr></sequenceInterval></sequenceIntervalModels></sequence>
<sequence refId="1@SequenceModel"><name>Default</name><serviceProviderCode>SOLANOCO</serviceProviderCode><type>Partial CAP ID</type><auditModel><auditDate>2008-03-11T07:29:47-05:00</auditDate><auditID>ADMIN</auditID><auditStatus>A</auditStatus></auditModel><cacheSize>1</cacheSize><description>Default sequence Definition for Partial CAP ID</description><increaseValue>1</increaseValue><intervalType>CY</intervalType><minValue>1</minValue><resetAction>E</resetAction><resetValue>999999</resetValue><sequenceIntervalModels><sequenceInterval><intervalName>CY</intervalName><sequenceName>Default</sequenceName><sequenceType>Partial CAP ID</sequenceType><serviceProviderCode>SOLANOCO</serviceProviderCode><auditModel><auditDate>2017-07-25T14:03:52-05:00</auditDate><auditID>ADMIN</auditID><auditStatus>A</auditStatus></auditModel><lastSequenceNbr>0</lastSequenceNbr></sequenceInterval><sequenceInterval><intervalName>CY2011</intervalName><sequenceName>Default</sequenceName><sequenceType>Partial CAP ID</sequenceType><serviceProviderCode>SOLANOCO</serviceProviderCode><auditModel><auditDate>2011-12-15T10:32:10-06:00</auditDate><auditID>SYSTEM@(*&amp;$@#</auditID><auditStatus>A</auditStatus></auditModel><lastSequenceNbr>0</lastSequenceNbr></sequenceInterval><sequenceInterval><intervalName>CY2012</intervalName><sequenceName>Default</sequenceName><sequenceType>Partial CAP ID</sequenceType><serviceProviderCode>SOLANOCO</serviceProviderCode><auditModel><auditDate>2012-08-28T12:22:45-05:00</auditDate><auditID>SYSTEM@(*&amp;$@#</auditID><auditStatus>A</auditStatus></auditModel><lastSequenceNbr>0</lastSequenceNbr></sequenceInterval><sequenceInterval><intervalName>CY2013</intervalName><sequenceName>Default</sequenceName><sequenceType>Partial CAP ID</sequenceType><serviceProviderCode>SOLANOCO</serviceProviderCode><auditModel><auditDate>2013-08-19T13:12:02-05:00</auditDate><auditID>SYSTEM@(*&amp;$@#</auditID><auditStatus>A</auditStatus></auditModel><lastSequenceNbr>0</lastSequenceNbr></sequenceInterval><sequenceInterval><intervalName>CY2015</intervalName><sequenceName>Default</sequenceName><sequenceType>Partial CAP ID</sequenceType><serviceProviderCode>SOLANOCO</serviceProviderCode><auditModel><auditDate>2015-12-15T23:33:48-06:00</auditDate><auditID>SYSTEM@(*&amp;$@#</auditID><auditStatus>A</auditStatus></auditModel><lastSequenceNbr>0</lastSequenceNbr></sequenceInterval><sequenceInterval><intervalName>CY2016</intervalName><sequenceName>Default</sequenceName><sequenceType>Partial CAP ID</sequenceType><serviceProviderCode>SOLANOCO</serviceProviderCode><auditModel><auditDate>2016-04-29T01:34:12-05:00</auditDate><auditID>SYSTEM@(*&amp;$@#</auditID><auditStatus>A</auditStatus></auditModel><lastSequenceNbr>0</lastSequenceNbr></sequenceInterval><sequenceInterval><intervalName>CY2019</intervalName><sequenceName>Default</sequenceName><sequenceType>Partial CAP ID</sequenceType><serviceProviderCode>SOLANOCO</serviceProviderCode><auditModel><auditDate>2019-12-31T05:58:06-06:00</auditDate><auditID>SYSTEM@(*&amp;$@#</auditID><auditStatus>A</auditStatus></auditModel><lastSequenceNbr>4</lastSequenceNbr></sequenceInterval><sequenceInterval><intervalName>CY2020</intervalName><sequenceName>Default</sequenceName><sequenceType>Partial CAP ID</sequenceType><serviceProviderCode>SOLANOCO</serviceProviderCode><auditModel><auditDate>2020-08-07T13:35:19.740-05:00</auditDate><auditID>SYSTEM@(*&amp;$@#</auditID><auditStatus>A</auditStatus></auditModel><lastSequenceNbr>29</lastSequenceNbr></sequenceInterval></sequenceIntervalModels></sequence>
<sequence refId="1@SequenceModel"><name>Default</name><serviceProviderCode>SOLANOCO</serviceProviderCode><type>Temporary CAP ID</type><auditModel><auditDate>2008-03-11T07:29:47-05:00</auditDate><auditID>ADMIN</auditID><auditStatus>A</auditStatus></auditModel><cacheSize>1</cacheSize><description>Default sequence Definition for Temporary CAP ID</description><increaseValue>1</increaseValue><intervalType>CY</intervalType><minValue>1</minValue><resetAction>E</resetAction><resetValue>999999</resetValue><sequenceIntervalModels><sequenceInterval><intervalName>CY</intervalName><sequenceName>Default</sequenceName><sequenceType>Temporary CAP ID</sequenceType><serviceProviderCode>SOLANOCO</serviceProviderCode><auditModel><auditDate>2017-07-25T14:03:52-05:00</auditDate><auditID>ADMIN</auditID><auditStatus>A</auditStatus></auditModel><lastSequenceNbr>0</lastSequenceNbr></sequenceInterval><sequenceInterval><intervalName>CY2011</intervalName><sequenceName>Default</sequenceName><sequenceType>Temporary CAP ID</sequenceType><serviceProviderCode>SOLANOCO</serviceProviderCode><auditModel><auditDate>2011-12-15T10:24:20-06:00</auditDate><auditID>SYSTEM@(*&amp;$@#</auditID><auditStatus>A</auditStatus></auditModel><lastSequenceNbr>0</lastSequenceNbr></sequenceInterval><sequenceInterval><intervalName>CY2012</intervalName><sequenceName>Default</sequenceName><sequenceType>Temporary CAP ID</sequenceType><serviceProviderCode>SOLANOCO</serviceProviderCode><auditModel><auditDate>2012-12-05T14:22:03-06:00</auditDate><auditID>SYSTEM@(*&amp;$@#</auditID><auditStatus>A</auditStatus></auditModel><lastSequenceNbr>0</lastSequenceNbr></sequenceInterval><sequenceInterval><intervalName>CY2013</intervalName><sequenceName>Default</sequenceName><sequenceType>Temporary CAP ID</sequenceType><serviceProviderCode>SOLANOCO</serviceProviderCode><auditModel><auditDate>2013-11-05T12:49:13-06:00</auditDate><auditID>SYSTEM@(*&amp;$@#</auditID><auditStatus>A</auditStatus></auditModel><lastSequenceNbr>0</lastSequenceNbr></sequenceInterval><sequenceInterval><intervalName>CY2014</intervalName><sequenceName>Default</sequenceName><sequenceType>Temporary CAP ID</sequenceType><serviceProviderCode>SOLANOCO</serviceProviderCode><auditModel><auditDate>2014-09-16T09:35:59-05:00</auditDate><auditID>SYSTEM@(*&amp;$@#</auditID><auditStatus>A</auditStatus></auditModel><lastSequenceNbr>0</lastSequenceNbr></sequenceInterval><sequenceInterval><intervalName>CY2015</intervalName><sequenceName>Default</sequenceName><sequenceType>Temporary CAP ID</sequenceType><serviceProviderCode>SOLANOCO</serviceProviderCode><auditModel><auditDate>2015-12-17T14:57:55-06:00</auditDate><auditID>SYSTEM@(*&amp;$@#</auditID><auditStatus>A</auditStatus></auditModel><lastSequenceNbr>0</lastSequenceNbr></sequenceInterval><sequenceInterval><intervalName>CY2016</intervalName><sequenceName>Default</sequenceName><sequenceType>Temporary CAP ID</sequenceType><serviceProviderCode>SOLANOCO</serviceProviderCode><auditModel><auditDate>2016-12-26T16:14:52-06:00</auditDate><auditID>SYSTEM@(*&amp;$@#</auditID><auditStatus>A</auditStatus></auditModel><lastSequenceNbr>0</lastSequenceNbr></sequenceInterval><sequenceInterval><intervalName>CY2017</intervalName><sequenceName>Default</sequenceName><sequenceType>Temporary CAP ID</sequenceType><serviceProviderCode>SOLANOCO</serviceProviderCode><auditModel><auditDate>2017-12-08T11:24:30-06:00</auditDate><auditID>SYSTEM@(*&amp;$@#</auditID><auditStatus>A</auditStatus></auditModel><lastSequenceNbr>0</lastSequenceNbr></sequenceInterval><sequenceInterval><intervalName>CY2018</intervalName><sequenceName>Default</sequenceName><sequenceType>Temporary CAP ID</sequenceType><serviceProviderCode>SOLANOCO</serviceProviderCode><auditModel><auditDate>2018-12-31T02:37:22-06:00</auditDate><auditID>SYSTEM@(*&amp;$@#</auditID><auditStatus>A</auditStatus></auditModel><lastSequenceNbr>0</lastSequenceNbr></sequenceInterval><sequenceInterval><intervalName>CY2019</intervalName><sequenceName>Default</sequenceName><sequenceType>Temporary CAP ID</sequenceType><serviceProviderCode>SOLANOCO</serviceProviderCode><auditModel><auditDate>2019-03-13T15:52:21-05:00</auditDate><auditID>SYSTEM@(*&amp;$@#</auditID><auditStatus>A</auditStatus></auditModel><lastSequenceNbr>0</lastSequenceNbr></sequenceInterval><sequenceInterval><intervalName>CY2020</intervalName><sequenceName>Default</sequenceName><sequenceType>Temporary CAP ID</sequenceType><serviceProviderCode>SOLANOCO</serviceProviderCode><auditModel><auditDate>2020-08-03T14:19:43.817-05:00</auditDate><auditID>SYSTEM@(*&amp;$@#</auditID><auditStatus>A</auditStatus></auditModel><lastSequenceNbr>486</lastSequenceNbr></sequenceInterval></sequenceIntervalModels></sequence>
</list>