<?xml version="1.0" encoding="UTF-8" standalone="yes"?>
<list  version="9.0.0" minorVersion="26" exportUser="ADMIN" exportDateTime="08/13/2020 08:51 AM" description="AUTOMATION RECORD TYPE"><smartChoiceGroup refId="1@SmartChoiceGroupModel"><groupCode>SEPAUTOMATION</groupCode><serviceProviderCode>SOLANOCO</serviceProviderCode><smartChoiceModels><smartChoice><functionName>ADDITIONAL INFO</functionName><groupName>SEPAUTOMATION</groupName><serviceProviderCode>SOLANOCO</serviceProviderCode><auditModel><auditDate>2018-10-09T10:20:01-05:00</auditDate><auditID>LWACHT</auditID><auditStatus>A</auditStatus></auditModel><displayFlg>N</displayFlg><displayOrder>13</displayOrder><smartChoiceOptionModels/></smartChoice><smartChoice><functionName>ADDRESS</functionName><groupName>SEPAUTOMATION</groupName><serviceProviderCode>SOLANOCO</serviceProviderCode><auditModel><auditDate>2018-10-09T10:20:01-05:00</auditDate><auditID>LWACHT</auditID><auditStatus>A</auditStatus></auditModel><displayFlg>N</displayFlg><displayOrder>2</displayOrder><requiredFlg>Y</requiredFlg><smartChoiceOptionModels/><validateFlg>N</validateFlg></smartChoice><smartChoice><functionName>APPLICANT</functionName><groupName>SEPAUTOMATION</groupName><serviceProviderCode>SOLANOCO</serviceProviderCode><auditModel><auditDate>2018-10-09T10:20:01-05:00</auditDate><auditID>LWACHT</auditID><auditStatus>A</auditStatus></auditModel><defaultValue>Applicant</defaultValue><displayBtnFlag>11</displayBtnFlag><displayFlg>N</displayFlg><displayOrder>6</displayOrder><requiredFlg>Y</requiredFlg><smartChoiceOptionModels/><validateFlg>N</validateFlg></smartChoice><smartChoice><functionName>APPLICATION SPECIFIC INFO</functionName><groupName>SEPAUTOMATION</groupName><serviceProviderCode>SOLANOCO</serviceProviderCode><auditModel><auditDate>2018-10-09T10:20:01-05:00</auditDate><auditID>LWACHT</auditID><auditStatus>A</auditStatus></auditModel><displayFlg>Y</displayFlg><displayOrder>15</displayOrder><smartChoiceOptionModels/></smartChoice><smartChoice><functionName>APPLICATION STATUS</functionName><groupName>SEPAUTOMATION</groupName><serviceProviderCode>SOLANOCO</serviceProviderCode><auditModel><auditDate>2018-10-09T10:20:01-05:00</auditDate><auditID>LWACHT</auditID><auditStatus>A</auditStatus></auditModel><displayFlg>N</displayFlg><displayOrder>14</displayOrder><smartChoiceOptionModels/></smartChoice><smartChoice><functionName>ASSET</functionName><groupName>SEPAUTOMATION</groupName><serviceProviderCode>SOLANOCO</serviceProviderCode><auditModel><auditDate>2018-10-09T10:20:01-05:00</auditDate><auditID>LWACHT</auditID><auditStatus>A</auditStatus></auditModel><displayFlg>N</displayFlg><displayOrder>20</displayOrder><requiredFlg>N</requiredFlg><smartChoiceOptionModels/></smartChoice><smartChoice><functionName>ASSOCIATED GIS FEATURES</functionName><groupName>SEPAUTOMATION</groupName><serviceProviderCode>SOLANOCO</serviceProviderCode><auditModel><auditDate>2018-10-09T10:20:01-05:00</auditDate><auditID>LWACHT</auditID><auditStatus>A</auditStatus></auditModel><displayFlg>N</displayFlg><displayOrder>16</displayOrder><requiredFlg>Y</requiredFlg><smartChoiceOptionModels/></smartChoice><smartChoice><functionName>ATTACHED TABLES</functionName><groupName>SEPAUTOMATION</groupName><serviceProviderCode>SOLANOCO</serviceProviderCode><auditModel><auditDate>2018-10-09T10:20:01-05:00</auditDate><auditID>LWACHT</auditID><auditStatus>A</auditStatus></auditModel><displayFlg>Y</displayFlg><displayOrder>21</displayOrder><smartChoiceOptionModels/></smartChoice><smartChoice><functionName>CAPDETAIL</functionName><groupName>SEPAUTOMATION</groupName><serviceProviderCode>SOLANOCO</serviceProviderCode><auditModel><auditDate>2018-10-09T10:20:01-05:00</auditDate><auditID>LWACHT</auditID><auditStatus>A</auditStatus></auditModel><displayFlg>Y</displayFlg><displayOrder>1</displayOrder><requiredFlg>Y</requiredFlg><smartChoiceOptionModels/></smartChoice><smartChoice><functionName>COMMENTS</functionName><groupName>SEPAUTOMATION</groupName><serviceProviderCode>SOLANOCO</serviceProviderCode><auditModel><auditDate>2018-10-09T10:20:01-05:00</auditDate><auditID>LWACHT</auditID><auditStatus>A</auditStatus></auditModel><displayFlg>N</displayFlg><displayOrder>26</displayOrder><requiredFlg>Y</requiredFlg><smartChoiceOptionModels/></smartChoice><smartChoice><functionName>COMPLAINANT INFO</functionName><groupName>SEPAUTOMATION</groupName><serviceProviderCode>SOLANOCO</serviceProviderCode><auditModel><auditDate>2018-10-09T10:20:01-05:00</auditDate><auditID>LWACHT</auditID><auditStatus>A</auditStatus></auditModel><displayFlg>N</displayFlg><displayOrder>11</displayOrder><requiredFlg>Y</requiredFlg><smartChoiceOptionModels/></smartChoice><smartChoice><functionName>COMPLAINT INFO</functionName><groupName>SEPAUTOMATION</groupName><serviceProviderCode>SOLANOCO</serviceProviderCode><auditModel><auditDate>2018-10-09T10:20:01-05:00</auditDate><auditID>LWACHT</auditID><auditStatus>A</auditStatus></auditModel><displayFlg>N</displayFlg><displayOrder>12</displayOrder><requiredFlg>Y</requiredFlg><smartChoiceOptionModels/></smartChoice><smartChoice><functionName>CONTACT1</functionName><groupName>SEPAUTOMATION</groupName><serviceProviderCode>SOLANOCO</serviceProviderCode><auditModel><auditDate>2018-10-09T10:20:01-05:00</auditDate><auditID>LWACHT</auditID><auditStatus>A</auditStatus></auditModel><defaultValue>Accounts Receivable</defaultValue><displayBtnFlag>11</displayBtnFlag><displayFlg>N</displayFlg><displayOrder>7</displayOrder><requiredFlg>Y</requiredFlg><smartChoiceOptionModels/><validateFlg>N</validateFlg></smartChoice><smartChoice><functionName>CONTACT2</functionName><groupName>SEPAUTOMATION</groupName><serviceProviderCode>SOLANOCO</serviceProviderCode><auditModel><auditDate>2018-10-09T10:20:01-05:00</auditDate><auditID>LWACHT</auditID><auditStatus>A</auditStatus></auditModel><defaultValue>Accounts Receivable</defaultValue><displayBtnFlag>11</displayBtnFlag><displayFlg>N</displayFlg><displayOrder>8</displayOrder><requiredFlg>Y</requiredFlg><smartChoiceOptionModels/><validateFlg>N</validateFlg></smartChoice><smartChoice><functionName>CONTACT3</functionName><groupName>SEPAUTOMATION</groupName><serviceProviderCode>SOLANOCO</serviceProviderCode><auditModel><auditDate>2018-10-09T10:20:01-05:00</auditDate><auditID>LWACHT</auditID><auditStatus>A</auditStatus></auditModel><defaultValue>Accounts Receivable</defaultValue><displayBtnFlag>11</displayBtnFlag><displayFlg>N</displayFlg><displayOrder>9</displayOrder><requiredFlg>Y</requiredFlg><smartChoiceOptionModels/><validateFlg>N</validateFlg></smartChoice><smartChoice><functionName>CONTINUINGEDUCATION</functionName><groupName>SEPAUTOMATION</groupName><serviceProviderCode>SOLANOCO</serviceProviderCode><auditModel><auditDate>2018-10-09T10:20:01-05:00</auditDate><auditID>LWACHT</auditID><auditStatus>A</auditStatus></auditModel><displayFlg>N</displayFlg><displayOrder>24</displayOrder><requiredFlg>Y</requiredFlg><smartChoiceOptionModels/></smartChoice><smartChoice><functionName>DOCUMENT</functionName><groupName>SEPAUTOMATION</groupName><serviceProviderCode>SOLANOCO</serviceProviderCode><auditModel><auditDate>2018-10-09T10:20:01-05:00</auditDate><auditID>LWACHT</auditID><auditStatus>A</auditStatus></auditModel><displayFlg>N</displayFlg><displayOrder>22</displayOrder><requiredFlg>Y</requiredFlg><smartChoiceOptionModels/></smartChoice><smartChoice><functionName>EDUCATION</functionName><groupName>SEPAUTOMATION</groupName><serviceProviderCode>SOLANOCO</serviceProviderCode><auditModel><auditDate>2018-10-09T10:20:01-05:00</auditDate><auditID>LWACHT</auditID><auditStatus>A</auditStatus></auditModel><displayFlg>N</displayFlg><displayOrder>23</displayOrder><requiredFlg>Y</requiredFlg><smartChoiceOptionModels/></smartChoice><smartChoice><functionName>ESTABLISHMENT INFO</functionName><groupName>SEPAUTOMATION</groupName><serviceProviderCode>SOLANOCO</serviceProviderCode><auditModel><auditDate>2018-10-09T10:20:01-05:00</auditDate><auditID>LWACHT</auditID><auditStatus>A</auditStatus></auditModel><displayFlg>N</displayFlg><displayOrder>18</displayOrder><smartChoiceOptionModels/></smartChoice><smartChoice><functionName>EVENT</functionName><groupName>SEPAUTOMATION</groupName><serviceProviderCode>SOLANOCO</serviceProviderCode><auditModel><auditDate>2018-10-09T10:20:01-05:00</auditDate><auditID>LWACHT</auditID><auditStatus>A</auditStatus></auditModel><displayFlg>N</displayFlg><displayOrder>19</displayOrder><requiredFlg>Y</requiredFlg><smartChoiceOptionModels/></smartChoice><smartChoice><functionName>EXAMINATION</functionName><groupName>SEPAUTOMATION</groupName><serviceProviderCode>SOLANOCO</serviceProviderCode><auditModel><auditDate>2018-10-09T10:20:01-05:00</auditDate><auditID>LWACHT</auditID><auditStatus>A</auditStatus></auditModel><displayFlg>N</displayFlg><displayOrder>25</displayOrder><requiredFlg>Y</requiredFlg><smartChoiceOptionModels/></smartChoice><smartChoice><functionName>LICENSED PROFESSIONAL</functionName><groupName>SEPAUTOMATION</groupName><serviceProviderCode>SOLANOCO</serviceProviderCode><auditModel><auditDate>2018-10-09T10:20:01-05:00</auditDate><auditID>LWACHT</auditID><auditStatus>A</auditStatus></auditModel><displayFlg>N</displayFlg><displayOrder>5</displayOrder><requiredFlg>Y</requiredFlg><smartChoiceOptionModels/><validateFlg>N</validateFlg></smartChoice><smartChoice><functionName>MULTIPLE_CONTACTS</functionName><groupName>SEPAUTOMATION</groupName><serviceProviderCode>SOLANOCO</serviceProviderCode><auditModel><auditDate>2018-10-09T10:20:01-05:00</auditDate><auditID>LWACHT</auditID><auditStatus>A</auditStatus></auditModel><displayBtnFlag>11</displayBtnFlag><displayFlg>N</displayFlg><displayOrder>10</displayOrder><requiredFlg>Y</requiredFlg><smartChoiceOptionModels/><validateFlg>N</validateFlg></smartChoice><smartChoice><functionName>OWNER</functionName><groupName>SEPAUTOMATION</groupName><serviceProviderCode>SOLANOCO</serviceProviderCode><auditModel><auditDate>2018-10-09T10:20:01-05:00</auditDate><auditID>LWACHT</auditID><auditStatus>A</auditStatus></auditModel><displayFlg>N</displayFlg><displayOrder>4</displayOrder><requiredFlg>Y</requiredFlg><smartChoiceOptionModels/><validateFlg>N</validateFlg></smartChoice><smartChoice><functionName>PARCEL</functionName><groupName>SEPAUTOMATION</groupName><serviceProviderCode>SOLANOCO</serviceProviderCode><auditModel><auditDate>2018-10-09T10:20:01-05:00</auditDate><auditID>LWACHT</auditID><auditStatus>A</auditStatus></auditModel><displayFlg>N</displayFlg><displayOrder>3</displayOrder><requiredFlg>Y</requiredFlg><smartChoiceOptionModels/><validateFlg>N</validateFlg></smartChoice><smartChoice><functionName>STRUCTURE INFO</functionName><groupName>SEPAUTOMATION</groupName><serviceProviderCode>SOLANOCO</serviceProviderCode><auditModel><auditDate>2018-10-09T10:20:01-05:00</auditDate><auditID>LWACHT</auditID><auditStatus>A</auditStatus></auditModel><defaultValue>STRTEST</defaultValue><displayFlg>N</displayFlg><displayOrder>17</displayOrder><smartChoiceOptionModels/></smartChoice></smartChoiceModels><structureTypeModels><structureTypeModel refId="2@StructureTypeModel"><sourceNumber>500022</sourceNumber><type>111</type><auditModel><auditDate>2010-04-26T17:07:37-05:00</auditDate><auditID>ADMIN</auditID><auditStatus>A</auditStatus></auditModel><resId>430</resId><structureTypeI18NModels><structureTypeI18N><langId>en_US</langId><resId>430</resId><sourceNumber>500022</sourceNumber><auditModel><auditDate>2011-03-22T10:37:11-05:00</auditDate><auditID>I18N_INIT</auditID><auditStatus>A</auditStatus></auditModel><type>111</type></structureTypeI18N></structureTypeI18NModels></structureTypeModel><structureTypeModel refId="3@StructureTypeModel"><sourceNumber>500022</sourceNumber><type>CANAL</type><auditModel><auditDate>2005-12-02T13:12:00-06:00</auditDate><auditID>KZHU</auditID><auditStatus>A</auditStatus></auditModel><description>Structures associated to Canals</description><resId>1252</resId><structureTypeI18NModels><structureTypeI18N><langId>en_US</langId><resId>1252</resId><sourceNumber>500022</sourceNumber><auditModel><auditDate>2011-02-23T10:34:22-06:00</auditDate><auditID>I18N_INIT</auditID><auditStatus>A</auditStatus></auditModel><type>CANAL</type></structureTypeI18N></structureTypeI18NModels></structureTypeModel><structureTypeModel refId="4@StructureTypeModel"><sourceNumber>500022</sourceNumber><type>CONDOMINIUM</type><auditModel><auditDate>2006-10-18T13:35:51-05:00</auditDate><auditID>DJD_ADMIN</auditID><auditStatus>A</auditStatus></auditModel><description>Privately owened and operated condominium within the county's jurisdiction.</description><resId>1253</resId><structureTypeI18NModels><structureTypeI18N><langId>en_US</langId><resId>1253</resId><sourceNumber>500022</sourceNumber><auditModel><auditDate>2011-02-23T10:34:22-06:00</auditDate><auditID>I18N_INIT</auditID><auditStatus>A</auditStatus></auditModel><type>CONDOMINIUM</type></structureTypeI18N></structureTypeI18NModels></structureTypeModel><structureTypeModel refId="5@StructureTypeModel"><sourceNumber>500022</sourceNumber><type>FACILITY</type><auditModel><auditDate>2007-10-17T07:24:41-05:00</auditDate><auditID>KSAWTELLE</auditID><auditStatus>A</auditStatus></auditModel><description>OSHOD 10/07</description><resId>1254</resId><structureTypeI18NModels><structureTypeI18N><langId>en_US</langId><resId>1254</resId><sourceNumber>500022</sourceNumber><auditModel><auditDate>2011-02-23T10:34:22-06:00</auditDate><auditID>I18N_INIT</auditID><auditStatus>A</auditStatus></auditModel><type>FACILITY</type></structureTypeI18N></structureTypeI18NModels></structureTypeModel><structureTypeModel refId="6@StructureTypeModel"><sourceNumber>500022</sourceNumber><type>FACILITY BUILDING</type><auditModel><auditDate>2007-10-16T17:02:46-05:00</auditDate><auditID>KSAWTELLE</auditID><auditStatus>A</auditStatus></auditModel><description>OSHPD 10/07</description><resId>1255</resId><structureTypeI18NModels><structureTypeI18N><langId>en_US</langId><resId>1255</resId><sourceNumber>500022</sourceNumber><auditModel><auditDate>2011-02-23T10:34:22-06:00</auditDate><auditID>I18N_INIT</auditID><auditStatus>A</auditStatus></auditModel><type>FACILITY BUILDING</type></structureTypeI18N></structureTypeI18NModels></structureTypeModel><structureTypeModel refId="7@StructureTypeModel"><sourceNumber>500022</sourceNumber><type>FLOOR</type><auditModel><auditDate>2005-12-02T13:12:00-06:00</auditDate><auditID>KZHU</auditID><auditStatus>A</auditStatus></auditModel><description>Floor number within the associated structure.</description><resId>1256</resId><structureTypeI18NModels><structureTypeI18N><langId>en_US</langId><resId>1256</resId><sourceNumber>500022</sourceNumber><auditModel><auditDate>2011-02-23T10:34:22-06:00</auditDate><auditID>I18N_INIT</auditID><auditStatus>A</auditStatus></auditModel><type>FLOOR</type></structureTypeI18N></structureTypeI18NModels></structureTypeModel><structureTypeModel refId="8@StructureTypeModel"><sourceNumber>500022</sourceNumber><type>HIGH RISE APARTMENT BUILDINGS</type><auditModel><auditDate>2005-12-02T13:12:00-06:00</auditDate><auditID>KZHU</auditID><auditStatus>A</auditStatus></auditModel><description>High Rise Apartment Buildings.  Created by SL per Ron Myer/Julian 6/4/04 request.</description><resId>1257</resId><structureTypeI18NModels><structureTypeI18N><langId>en_US</langId><resId>1257</resId><sourceNumber>500022</sourceNumber><auditModel><auditDate>2011-02-23T10:34:22-06:00</auditDate><auditID>I18N_INIT</auditID><auditStatus>A</auditStatus></auditModel><type>HIGH RISE APARTMENT BUILDINGS</type></structureTypeI18N></structureTypeI18NModels></structureTypeModel><structureTypeModel refId="9@StructureTypeModel"><sourceNumber>500022</sourceNumber><type>HIGH RISE BUILDING - FLOOR</type><auditModel><auditDate>2005-12-02T13:12:00-06:00</auditDate><auditID>KZHU</auditID><auditStatus>A</auditStatus></auditModel><description>HIGH RISE BUILDING - FLOOR.  Created by SLUK for RMYERS AND JMUNOZ 6/4/04</description><resId>1258</resId><structureTypeI18NModels><structureTypeI18N><langId>en_US</langId><resId>1258</resId><sourceNumber>500022</sourceNumber><auditModel><auditDate>2011-02-23T10:34:22-06:00</auditDate><auditID>I18N_INIT</auditID><auditStatus>A</auditStatus></auditModel><type>HIGH RISE BUILDING - FLOOR</type></structureTypeI18N></structureTypeI18NModels></structureTypeModel><structureTypeModel refId="10@StructureTypeModel"><sourceNumber>500022</sourceNumber><type>HIGH RISE BUILDING - SUBFLOOR</type><auditModel><auditDate>2005-12-02T13:12:00-06:00</auditDate><auditID>KZHU</auditID><auditStatus>A</auditStatus></auditModel><description>HIGH RISE BUILDING - SUBFLOOR.  Created by SLUK for RMYERS and JMUNOZ 6/4/04</description><resId>1259</resId><structureTypeI18NModels><structureTypeI18N><langId>en_US</langId><resId>1259</resId><sourceNumber>500022</sourceNumber><auditModel><auditDate>2011-02-23T10:34:22-06:00</auditDate><auditID>I18N_INIT</auditID><auditStatus>A</auditStatus></auditModel><type>HIGH RISE BUILDING - SUBFLOOR</type></structureTypeI18N></structureTypeI18NModels></structureTypeModel><structureTypeModel refId="11@StructureTypeModel"><sourceNumber>500022</sourceNumber><type>JAYCE</type><auditModel><auditDate>2010-05-05T23:06:38-05:00</auditDate><auditID>ADMIN</auditID><auditStatus>A</auditStatus></auditModel><description>Jayce</description><resId>431</resId><structureTypeI18NModels><structureTypeI18N><langId>en_US</langId><resId>431</resId><sourceNumber>500022</sourceNumber><auditModel><auditDate>2011-03-22T10:37:11-05:00</auditDate><auditID>I18N_INIT</auditID><auditStatus>A</auditStatus></auditModel><type>JAYCE</type></structureTypeI18N></structureTypeI18NModels></structureTypeModel><structureTypeModel refId="12@StructureTypeModel"><sourceNumber>500022</sourceNumber><type>LIBRARY</type><auditModel><auditDate>2005-12-02T13:12:00-06:00</auditDate><auditID>KZHU</auditID><auditStatus>A</auditStatus></auditModel><description>Kellogg Library</description><resId>1260</resId><structureTypeI18NModels><structureTypeI18N><langId>en_US</langId><resId>1260</resId><sourceNumber>500022</sourceNumber><auditModel><auditDate>2011-02-23T10:34:22-06:00</auditDate><auditID>I18N_INIT</auditID><auditStatus>A</auditStatus></auditModel><type>LIBRARY</type></structureTypeI18N></structureTypeI18NModels></structureTypeModel><structureTypeModel refId="13@StructureTypeModel"><sourceNumber>500022</sourceNumber><type>MALL</type><auditModel><auditDate>2005-12-02T13:12:00-06:00</auditDate><auditID>KZHU</auditID><auditStatus>A</auditStatus></auditModel><description>This type is for the Mall.</description><resId>1261</resId><structureTypeI18NModels><structureTypeI18N><langId>en_US</langId><resId>1261</resId><sourceNumber>500022</sourceNumber><auditModel><auditDate>2011-02-23T10:34:22-06:00</auditDate><auditID>I18N_INIT</auditID><auditStatus>A</auditStatus></auditModel><type>MALL</type></structureTypeI18N></structureTypeI18NModels></structureTypeModel><structureTypeModel refId="14@StructureTypeModel"><sourceNumber>500022</sourceNumber><type>OFFICES</type><auditModel><auditDate>2005-12-02T13:12:00-06:00</auditDate><auditID>KZHU</auditID><auditStatus>A</auditStatus></auditModel><description>Staff and Faculty Offices</description><resId>1262</resId><structureTypeI18NModels><structureTypeI18N><langId>en_US</langId><resId>1262</resId><sourceNumber>500022</sourceNumber><auditModel><auditDate>2011-02-23T10:34:22-06:00</auditDate><auditID>I18N_INIT</auditID><auditStatus>A</auditStatus></auditModel><type>OFFICES</type></structureTypeI18N></structureTypeI18NModels></structureTypeModel><structureTypeModel refId="15@StructureTypeModel"><sourceNumber>500022</sourceNumber><type>RESIDENCE HALL</type><auditModel><auditDate>2005-12-02T13:12:00-06:00</auditDate><auditID>KZHU</auditID><auditStatus>A</auditStatus></auditModel><description>dormitory or living quarters</description><resId>1263</resId><structureTypeI18NModels><structureTypeI18N><langId>en_US</langId><resId>1263</resId><sourceNumber>500022</sourceNumber><auditModel><auditDate>2011-02-23T10:34:22-06:00</auditDate><auditID>I18N_INIT</auditID><auditStatus>A</auditStatus></auditModel><type>RESIDENCE HALL</type></structureTypeI18N></structureTypeI18NModels></structureTypeModel><structureTypeModel refId="16@StructureTypeModel"><sourceNumber>500022</sourceNumber><type>RESIDENTIAL</type><auditModel><auditDate>2005-12-02T13:12:00-06:00</auditDate><auditID>KZHU</auditID><auditStatus>A</auditStatus></auditModel><description>SFR</description><resId>1264</resId><structureTypeI18NModels><structureTypeI18N><langId>en_US</langId><resId>1264</resId><sourceNumber>500022</sourceNumber><auditModel><auditDate>2011-02-23T10:34:22-06:00</auditDate><auditID>I18N_INIT</auditID><auditStatus>A</auditStatus></auditModel><type>RESIDENTIAL</type></structureTypeI18N></structureTypeI18NModels></structureTypeModel><structureTypeModel refId="17@StructureTypeModel"><sourceNumber>500022</sourceNumber><type>STRTEST</type><auditModel><auditDate>2014-09-15T04:51:27-05:00</auditDate><auditID>ADMIN</auditID><auditStatus>A</auditStatus></auditModel><description>This is the first structure type tested when analysing the str template.</description><structureTypeI18NModels/></structureTypeModel><structureTypeModel refId="18@StructureTypeModel"><sourceNumber>500022</sourceNumber><type>STRTYPE-SOURCE71</type><auditModel><auditDate>2010-04-26T17:35:00-05:00</auditDate><auditID>MONICA</auditID><auditStatus>A</auditStatus></auditModel><description>test: StrType-Source71</description><resId>432</resId><structureTypeI18NModels><structureTypeI18N><langId>en_US</langId><resId>432</resId><sourceNumber>500022</sourceNumber><auditModel><auditDate>2011-03-22T10:37:11-05:00</auditDate><auditID>I18N_INIT</auditID><auditStatus>A</auditStatus></auditModel><type>STRTYPE-SOURCE71</type></structureTypeI18N></structureTypeI18NModels></structureTypeModel><structureTypeModel refId="19@StructureTypeModel"><sourceNumber>500022</sourceNumber><type>STRUCTURE</type><auditModel><auditDate>2005-04-11T21:17:03-05:00</auditDate><auditID>KSAWTELLE</auditID><auditStatus>A</auditStatus></auditModel><resId>1265</resId><structureTypeI18NModels><structureTypeI18N><langId>en_US</langId><resId>1265</resId><sourceNumber>500022</sourceNumber><auditModel><auditDate>2011-02-23T10:34:22-06:00</auditDate><auditID>I18N_INIT</auditID><auditStatus>A</auditStatus></auditModel><type>STRUCTURE</type></structureTypeI18N></structureTypeI18NModels></structureTypeModel><structureTypeModel refId="20@StructureTypeModel"><sourceNumber>500022</sourceNumber><type>STRUCTURES</type><auditModel><auditDate>2016-06-10T09:11:20-05:00</auditDate><auditID>ADMIN</auditID><auditStatus>A</auditStatus></auditModel><resId>1280</resId><structureTypeI18NModels><structureTypeI18N><langId>en_US</langId><resId>1280</resId><sourceNumber>500022</sourceNumber><auditModel><auditDate>2019-12-06T19:57:00-06:00</auditDate><auditID>I18N_INIT</auditID><auditStatus>A</auditStatus></auditModel><type>STRUCTURES</type></structureTypeI18N></structureTypeI18NModels></structureTypeModel><structureTypeModel refId="21@StructureTypeModel"><sourceNumber>500022</sourceNumber><type>TENANT IMPROVEMENT</type><auditModel><auditDate>2005-12-02T13:12:00-06:00</auditDate><auditID>KZHU</auditID><auditStatus>A</auditStatus></auditModel><description>This is for Commercial upgrades to a existing structure.</description><resId>1266</resId><structureTypeI18NModels><structureTypeI18N><langId>en_US</langId><resId>1266</resId><sourceNumber>500022</sourceNumber><auditModel><auditDate>2011-02-23T10:34:22-06:00</auditDate><auditID>I18N_INIT</auditID><auditStatus>A</auditStatus></auditModel><type>TENANT IMPROVEMENT</type></structureTypeI18N></structureTypeI18NModels></structureTypeModel><structureTypeModel refId="22@StructureTypeModel"><sourceNumber>500022</sourceNumber><type>TEST</type><auditModel><auditDate>2012-06-21T07:19:18-05:00</auditDate><auditID>BPAVEL</auditID><auditStatus>A</auditStatus></auditModel><resId>1281</resId><structureTypeI18NModels><structureTypeI18N><langId>en_US</langId><resId>1281</resId><sourceNumber>500022</sourceNumber><auditModel><auditDate>2019-12-06T19:57:00-06:00</auditDate><auditID>I18N_INIT</auditID><auditStatus>A</auditStatus></auditModel><type>TEST</type></structureTypeI18N></structureTypeI18NModels></structureTypeModel><structureTypeModel refId="23@StructureTypeModel"><sourceNumber>500022</sourceNumber><type>TEST04</type><auditModel><auditDate>2010-04-23T00:14:04-05:00</auditDate><auditID>ADMIN</auditID><auditStatus>A</auditStatus></auditModel><resId>434</resId><structureTypeI18NModels><structureTypeI18N><langId>en_US</langId><resId>434</resId><sourceNumber>500022</sourceNumber><auditModel><auditDate>2011-03-22T10:37:11-05:00</auditDate><auditID>I18N_INIT</auditID><auditStatus>A</auditStatus></auditModel><type>TEST04</type></structureTypeI18N></structureTypeI18NModels></structureTypeModel><structureTypeModel refId="24@StructureTypeModel"><sourceNumber>500022</sourceNumber><type>TEST0423</type><auditModel><auditDate>2010-04-23T00:16:23-05:00</auditDate><auditID>ADMIN</auditID><auditStatus>A</auditStatus></auditModel><resId>435</resId><structureTypeI18NModels><structureTypeI18N><langId>en_US</langId><resId>435</resId><sourceNumber>500022</sourceNumber><auditModel><auditDate>2011-03-22T10:37:11-05:00</auditDate><auditID>I18N_INIT</auditID><auditStatus>A</auditStatus></auditModel><type>TEST0423</type></structureTypeI18N></structureTypeI18NModels></structureTypeModel><structureTypeModel refId="25@StructureTypeModel"><sourceNumber>500022</sourceNumber><type>UNIT/SUITE</type><auditModel><auditDate>2005-12-02T13:12:00-06:00</auditDate><auditID>KZHU</auditID><auditStatus>A</auditStatus></auditModel><description>Unit or Suite Number on floor.</description><resId>1267</resId><structureTypeI18NModels><structureTypeI18N><langId>en_US</langId><resId>1267</resId><sourceNumber>500022</sourceNumber><auditModel><auditDate>2011-02-23T10:34:22-06:00</auditDate><auditID>I18N_INIT</auditID><auditStatus>A</auditStatus></auditModel><type>UNIT/SUITE</type></structureTypeI18N></structureTypeI18NModels></structureTypeModel></structureTypeModels></smartChoiceGroup>
</list>