<?xml version="1.0" encoding="UTF-8" standalone="yes"?>
<list  version="9.0.0" minorVersion="26" exportUser="ADMIN" exportDateTime="08/13/2020 08:51 AM" description="AUTOMATION RECORD TYPE"><standardChoice refId="1@StandardChoiceModel"><name>LICENSED PROFESSIONAL TYPE</name><serviceProviderCode>SOLANOCO</serviceProviderCode><auditModel><auditDate>2020-06-03T10:11:15.777-05:00</auditDate><auditID>ADMIN</auditID><auditStatus>A</auditStatus></auditModel><description>Defines the value options for the drop-down list of the licensed professional type. Adds the ability to store Education Providers in the Licensed Professional list. #Licensing</description><standardChoiceValueModels><standardChoiceValue refId="2@StandardChoiceValueModel"><sequenceNBR>105731992</sequenceNBR><serviceProviderCode>SOLANOCO</serviceProviderCode><auditModel><auditDate>2020-06-03T10:11:15.783-05:00</auditDate><auditID>ADMIN</auditID><auditStatus>A</auditStatus></auditModel><description></description><standardChoiceName>LICENSED PROFESSIONAL TYPE</standardChoiceName><standardChoiceValueI18NModels/><value>Body Art Practitioner</value></standardChoiceValue><standardChoiceValue refId="3@StandardChoiceValueModel"><sequenceNBR>105731993</sequenceNBR><serviceProviderCode>SOLANOCO</serviceProviderCode><auditModel><auditDate>2020-06-03T10:11:15.787-05:00</auditDate><auditID>ADMIN</auditID><auditStatus>A</auditStatus></auditModel><description></description><standardChoiceName>LICENSED PROFESSIONAL TYPE</standardChoiceName><standardChoiceValueI18NModels/><value>Business</value></standardChoiceValue><standardChoiceValue refId="4@StandardChoiceValueModel"><sequenceNBR>105732752</sequenceNBR><serviceProviderCode>SOLANOCO</serviceProviderCode><auditModel><auditDate>2020-06-17T16:14:21.043-05:00</auditDate><auditID>ADMIN</auditID><auditStatus>A</auditStatus></auditModel><description></description><standardChoiceName>LICENSED PROFESSIONAL TYPE</standardChoiceName><standardChoiceValueI18NModels/><value>Chemical Toilet Company</value></standardChoiceValue><standardChoiceValue refId="5@StandardChoiceValueModel"><sequenceNBR>105731994</sequenceNBR><serviceProviderCode>SOLANOCO</serviceProviderCode><auditModel><auditDate>2020-06-03T10:11:15.793-05:00</auditDate><auditID>ADMIN</auditID><auditStatus>A</auditStatus></auditModel><description></description><standardChoiceName>LICENSED PROFESSIONAL TYPE</standardChoiceName><standardChoiceValueI18NModels/><value>Distribution Operator</value></standardChoiceValue><standardChoiceValue refId="6@StandardChoiceValueModel"><sequenceNBR>105731995</sequenceNBR><serviceProviderCode>SOLANOCO</serviceProviderCode><auditModel><auditDate>2020-06-03T10:11:15.800-05:00</auditDate><auditID>ADMIN</auditID><auditStatus>A</auditStatus></auditModel><description></description><standardChoiceName>LICENSED PROFESSIONAL TYPE</standardChoiceName><standardChoiceValueI18NModels/><value>Electrical Contractor</value></standardChoiceValue><standardChoiceValue refId="7@StandardChoiceValueModel"><sequenceNBR>105731967</sequenceNBR><serviceProviderCode>SOLANOCO</serviceProviderCode><auditModel><auditDate>2020-06-03T10:11:15.803-05:00</auditDate><auditID>ADMIN</auditID><auditStatus>A</auditStatus></auditModel><description></description><standardChoiceName>LICENSED PROFESSIONAL TYPE</standardChoiceName><standardChoiceValueI18NModels/><value>Engineer Contractor</value></standardChoiceValue><standardChoiceValue refId="8@StandardChoiceValueModel"><sequenceNBR>105731951</sequenceNBR><serviceProviderCode>SOLANOCO</serviceProviderCode><auditModel><auditDate>2020-06-03T10:11:15.810-05:00</auditDate><auditID>ADMIN</auditID><auditStatus>A</auditStatus></auditModel><description></description><resId>11726</resId><standardChoiceName>LICENSED PROFESSIONAL TYPE</standardChoiceName><standardChoiceValueI18NModels/><value>General Contractor</value></standardChoiceValue><standardChoiceValue refId="9@StandardChoiceValueModel"><sequenceNBR>105731955</sequenceNBR><serviceProviderCode>SOLANOCO</serviceProviderCode><auditModel><auditDate>2020-06-03T10:11:15.813-05:00</auditDate><auditID>ADMIN</auditID><auditStatus>A</auditStatus></auditModel><description></description><resId>11730</resId><standardChoiceName>LICENSED PROFESSIONAL TYPE</standardChoiceName><standardChoiceValueI18NModels/><value>Mechanical Contractor</value></standardChoiceValue><standardChoiceValue refId="10@StandardChoiceValueModel"><sequenceNBR>105731969</sequenceNBR><serviceProviderCode>SOLANOCO</serviceProviderCode><auditModel><auditDate>2020-06-03T10:11:15.817-05:00</auditDate><auditID>ADMIN</auditID><auditStatus>A</auditStatus></auditModel><description></description><standardChoiceName>LICENSED PROFESSIONAL TYPE</standardChoiceName><standardChoiceValueI18NModels/><value>Nurse</value></standardChoiceValue><standardChoiceValue refId="11@StandardChoiceValueModel"><sequenceNBR>105731957</sequenceNBR><serviceProviderCode>SOLANOCO</serviceProviderCode><auditModel><auditDate>2020-06-03T10:11:15.823-05:00</auditDate><auditID>ADMIN</auditID><auditStatus>A</auditStatus></auditModel><description></description><resId>11731</resId><standardChoiceName>LICENSED PROFESSIONAL TYPE</standardChoiceName><standardChoiceValueI18NModels/><value>Plumbing Contractor</value></standardChoiceValue><standardChoiceValue refId="12@StandardChoiceValueModel"><sequenceNBR>105731961</sequenceNBR><serviceProviderCode>SOLANOCO</serviceProviderCode><auditModel><auditDate>2020-06-03T10:11:15.830-05:00</auditDate><auditID>ADMIN</auditID><auditStatus>A</auditStatus></auditModel><description></description><standardChoiceName>LICENSED PROFESSIONAL TYPE</standardChoiceName><standardChoiceValueI18NModels/><value>Provider</value></standardChoiceValue><standardChoiceValue refId="13@StandardChoiceValueModel"><sequenceNBR>105731971</sequenceNBR><serviceProviderCode>SOLANOCO</serviceProviderCode><auditModel><auditDate>2020-06-03T10:11:15.830-05:00</auditDate><auditID>ADMIN</auditID><auditStatus>A</auditStatus></auditModel><description></description><standardChoiceName>LICENSED PROFESSIONAL TYPE</standardChoiceName><standardChoiceValueI18NModels/><value>Septic Service Company</value></standardChoiceValue><standardChoiceValue refId="14@StandardChoiceValueModel"><sequenceNBR>105731963</sequenceNBR><serviceProviderCode>SOLANOCO</serviceProviderCode><auditModel><auditDate>2020-06-03T10:11:15.830-05:00</auditDate><auditID>ADMIN</auditID><auditStatus>A</auditStatus></auditModel><description></description><standardChoiceName>LICENSED PROFESSIONAL TYPE</standardChoiceName><standardChoiceValueI18NModels/><value>Solid Waste Vehicle Company</value></standardChoiceValue><standardChoiceValue refId="15@StandardChoiceValueModel"><sequenceNBR>105731965</sequenceNBR><serviceProviderCode>SOLANOCO</serviceProviderCode><auditModel><auditDate>2020-06-03T10:11:15.837-05:00</auditDate><auditID>ADMIN</auditID><auditStatus>A</auditStatus></auditModel><description></description><standardChoiceName>LICENSED PROFESSIONAL TYPE</standardChoiceName><standardChoiceValueI18NModels/><value>Treatment Operator</value></standardChoiceValue><standardChoiceValue refId="16@StandardChoiceValueModel"><sequenceNBR>105731996</sequenceNBR><serviceProviderCode>SOLANOCO</serviceProviderCode><auditModel><auditDate>2020-06-03T10:11:15.840-05:00</auditDate><auditID>ADMIN</auditID><auditStatus>A</auditStatus></auditModel><description></description><standardChoiceName>LICENSED PROFESSIONAL TYPE</standardChoiceName><standardChoiceValueI18NModels/><value>Underground Storage Tank Contractor</value></standardChoiceValue><standardChoiceValue refId="17@StandardChoiceValueModel"><sequenceNBR>105731953</sequenceNBR><serviceProviderCode>SOLANOCO</serviceProviderCode><auditModel><auditDate>2020-06-03T10:11:15.847-05:00</auditDate><auditID>ADMIN</auditID><auditStatus>A</auditStatus></auditModel><description></description><resId>11728</resId><standardChoiceName>LICENSED PROFESSIONAL TYPE</standardChoiceName><standardChoiceValueI18NModels/><value>Underground Storage Tank Technician</value></standardChoiceValue></standardChoiceValueModels><type>SystemSwitch</type><valueSize>0</valueSize></standardChoice>
<standardChoice refId="1@StandardChoiceModel"><name>DEFAULT_CLONE_OPTIONS</name><serviceProviderCode>SOLANOCO</serviceProviderCode><auditModel><auditDate>2017-03-02T20:07:35-06:00</auditDate><auditID>HCHANDRA</auditID><auditStatus>A</auditStatus></auditModel><standardChoiceValueModels><standardChoiceValue refId="2@StandardChoiceValueModel"><sequenceNBR>105731885</sequenceNBR><serviceProviderCode>SOLANOCO</serviceProviderCode><auditModel><auditDate>2019-09-13T14:35:12-05:00</auditDate><auditID>LWACHT</auditID><auditStatus>A</auditStatus></auditModel><description>{"value(contact)":{"contactType":"checkboxAll"},"value(address)":"Y","value(owner)":"Y","value(parcel)":"Y","parcelForGisObject":"Y"}</description><sortOrder>0</sortOrder><standardChoiceName>DEFAULT_CLONE_OPTIONS</standardChoiceName><standardChoiceValueI18NModels/><value>Building/Revision/Plan/Amendment</value></standardChoiceValue><standardChoiceValue refId="3@StandardChoiceValueModel"><sequenceNBR>105731883</sequenceNBR><serviceProviderCode>SOLANOCO</serviceProviderCode><auditModel><auditDate>2017-03-02T20:09:35-06:00</auditDate><auditID>HCHANDRA</auditID><auditStatus>A</auditStatus></auditModel><description>{}</description><sortOrder>0</sortOrder><standardChoiceName>DEFAULT_CLONE_OPTIONS</standardChoiceName><standardChoiceValueI18NModels/><value>Enforcement/Payment/CONNOL I2I/NA</value></standardChoiceValue></standardChoiceValueModels></standardChoice>
<standardChoice refId="1@StandardChoiceModel"><name>EXPIRATION_INTERVAL_UNITS</name><serviceProviderCode>SOLANOCO</serviceProviderCode><auditModel><auditDate>2016-06-06T18:26:33-05:00</auditDate><auditID>JPLAISTED</auditID><auditStatus>A</auditStatus></auditModel><description>Defines the value options for the drop-down list of license expiration intervals #Licensing</description><standardChoiceValueModels><standardChoiceValue refId="2@StandardChoiceValueModel"><sequenceNBR>105251143</sequenceNBR><serviceProviderCode>SOLANOCO</serviceProviderCode><auditModel><auditDate>2016-06-06T18:26:33-05:00</auditDate><auditID>JPLAISTED</auditID><auditStatus>A</auditStatus></auditModel><resId>11698</resId><standardChoiceName>EXPIRATION_INTERVAL_UNITS</standardChoiceName><standardChoiceValueI18NModels/><value>DAYS</value></standardChoiceValue><standardChoiceValue refId="3@StandardChoiceValueModel"><sequenceNBR>105251145</sequenceNBR><serviceProviderCode>SOLANOCO</serviceProviderCode><auditModel><auditDate>2016-06-06T18:26:33-05:00</auditDate><auditID>JPLAISTED</auditID><auditStatus>A</auditStatus></auditModel><resId>11699</resId><standardChoiceName>EXPIRATION_INTERVAL_UNITS</standardChoiceName><standardChoiceValueI18NModels/><value>MONTHS</value></standardChoiceValue><standardChoiceValue refId="4@StandardChoiceValueModel"><sequenceNBR>105251147</sequenceNBR><serviceProviderCode>SOLANOCO</serviceProviderCode><auditModel><auditDate>2016-06-06T18:26:33-05:00</auditDate><auditID>JPLAISTED</auditID><auditStatus>A</auditStatus></auditModel><standardChoiceName>EXPIRATION_INTERVAL_UNITS</standardChoiceName><standardChoiceValueI18NModels/><value>YEARS</value></standardChoiceValue></standardChoiceValueModels><type>SystemSwitch</type><valueSize>0</valueSize></standardChoice>
<standardChoice refId="1@StandardChoiceModel"><name>GRACE_PERIOD_INTERVAL_UNITS</name><serviceProviderCode>SOLANOCO</serviceProviderCode><auditModel><auditDate>2005-06-23T12:24:44-05:00</auditDate><auditID>1</auditID><auditStatus>A</auditStatus></auditModel><description>Defines the value options for the time unit to be used for the Grace Period Interval #Licensing</description><standardChoiceValueModels><standardChoiceValue refId="2@StandardChoiceValueModel"><sequenceNBR>105251919</sequenceNBR><serviceProviderCode>SOLANOCO</serviceProviderCode><auditModel><auditDate>2016-06-06T19:27:39-05:00</auditDate><auditID>JPLAISTED</auditID><auditStatus>A</auditStatus></auditModel><resId>11713</resId><standardChoiceName>GRACE_PERIOD_INTERVAL_UNITS</standardChoiceName><standardChoiceValueI18NModels/><value>Days</value></standardChoiceValue><standardChoiceValue refId="3@StandardChoiceValueModel"><sequenceNBR>105251921</sequenceNBR><serviceProviderCode>SOLANOCO</serviceProviderCode><auditModel><auditDate>2016-06-06T19:27:39-05:00</auditDate><auditID>JPLAISTED</auditID><auditStatus>A</auditStatus></auditModel><resId>11714</resId><standardChoiceName>GRACE_PERIOD_INTERVAL_UNITS</standardChoiceName><standardChoiceValueI18NModels/><value>Months</value></standardChoiceValue></standardChoiceValueModels><valueSize>0</valueSize></standardChoice>
<standardChoice refId="1@StandardChoiceModel"><name>PENALTY_INTERVAL_UNITS</name><serviceProviderCode>SOLANOCO</serviceProviderCode><auditModel><auditDate>2005-06-23T12:21:45-05:00</auditDate><auditID>1</auditID><auditStatus>A</auditStatus></auditModel><description>Populates the Penalty Fee Interval Units drop down list in the expiration code configuration screen.  #Licensing</description><standardChoiceValueModels><standardChoiceValue refId="2@StandardChoiceValueModel"><sequenceNBR>105252593</sequenceNBR><serviceProviderCode>SOLANOCO</serviceProviderCode><auditModel><auditDate>2016-06-06T13:35:50-05:00</auditDate><auditID>AARON</auditID><auditStatus>A</auditStatus></auditModel><resId>11743</resId><standardChoiceName>PENALTY_INTERVAL_UNITS</standardChoiceName><standardChoiceValueI18NModels/><value>Days</value></standardChoiceValue><standardChoiceValue refId="3@StandardChoiceValueModel"><sequenceNBR>105252595</sequenceNBR><serviceProviderCode>SOLANOCO</serviceProviderCode><auditModel><auditDate>2016-06-06T13:35:50-05:00</auditDate><auditID>AARON</auditID><auditStatus>A</auditStatus></auditModel><resId>11744</resId><standardChoiceName>PENALTY_INTERVAL_UNITS</standardChoiceName><standardChoiceValueI18NModels/><value>Months</value></standardChoiceValue></standardChoiceValueModels><valueSize>0</valueSize></standardChoice>
<standardChoice refId="1@StandardChoiceModel"><name>RENEWAL_FEE_FUNC</name><serviceProviderCode>SOLANOCO</serviceProviderCode><auditModel><auditDate>2016-06-06T13:33:00-05:00</auditDate><auditID>AARON</auditID><auditStatus>A</auditStatus></auditModel><description>Populates the Renewal Fee Function drop down list in the expiration code configuration screen.&#xD;
#Licensing</description><standardChoiceValueModels><standardChoiceValue refId="2@StandardChoiceValueModel"><sequenceNBR>105251119</sequenceNBR><serviceProviderCode>SOLANOCO</serviceProviderCode><auditModel><auditDate>2016-06-06T13:33:00-05:00</auditDate><auditID>AARON</auditID><auditStatus>A</auditStatus></auditModel><resId>104596505</resId><standardChoiceName>RENEWAL_FEE_FUNC</standardChoiceName><standardChoiceValueI18NModels/><value>SIMPLE_RENEWAL_FEE</value></standardChoiceValue></standardChoiceValueModels><type>SystemSwitch</type><valueSize>0</valueSize></standardChoice>
<standardChoice refId="1@StandardChoiceModel"><name>PENALTY_FEE_FUNC</name><serviceProviderCode>SOLANOCO</serviceProviderCode><auditModel><auditDate>2005-06-23T12:20:40-05:00</auditDate><auditID>1</auditID><auditStatus>A</auditStatus></auditModel><description>Populates the Penalty Fee Function drop down list in the expiration code configuration screen.  #Licensing</description><standardChoiceValueModels><standardChoiceValue refId="2@StandardChoiceValueModel"><sequenceNBR>105252437</sequenceNBR><serviceProviderCode>SOLANOCO</serviceProviderCode><auditModel><auditDate>2016-06-06T13:34:03-05:00</auditDate><auditID>AARON</auditID><auditStatus>A</auditStatus></auditModel><description>PERCENTAGE_PENALTY_FEE</description><resId>11741</resId><standardChoiceName>PENALTY_FEE_FUNC</standardChoiceName><standardChoiceValueI18NModels/><value>PERCENTAGE_PENALTY_FEE</value></standardChoiceValue><standardChoiceValue refId="3@StandardChoiceValueModel"><sequenceNBR>105252439</sequenceNBR><serviceProviderCode>SOLANOCO</serviceProviderCode><auditModel><auditDate>2016-06-06T13:34:03-05:00</auditDate><auditID>AARON</auditID><auditStatus>A</auditStatus></auditModel><description>SIMPLE_PENALTY_FEE</description><resId>11742</resId><standardChoiceName>PENALTY_FEE_FUNC</standardChoiceName><standardChoiceValueI18NModels/><value>SIMPLE_PENALTY_FEE</value></standardChoiceValue></standardChoiceValueModels><valueSize>0</valueSize></standardChoice>
<standardChoice refId="1@StandardChoiceModel"><name>FEE_CALCULATION_BASED_ON_FEECALC</name><serviceProviderCode>SOLANOCO</serviceProviderCode><auditModel><auditDate>2016-06-10T09:40:00-05:00</auditDate><auditID>AARON</auditID><auditStatus>I</auditStatus></auditModel><description>Enable this standard choice to calculate fees based on FeeCalc and Fee Calc Criteria. This enables the Calculated, Calculation Record fields.&#xD;
#FeesPayments</description><standardChoiceValueModels><standardChoiceValue refId="2@StandardChoiceValueModel"><sequenceNBR>105252361</sequenceNBR><serviceProviderCode>SOLANOCO</serviceProviderCode><auditModel><auditDate>2016-06-10T09:40:00-05:00</auditDate><auditID>AARON</auditID><auditStatus>A</auditStatus></auditModel><resId>104596412</resId><standardChoiceName>FEE_CALCULATION_BASED_ON_FEECALC</standardChoiceName><standardChoiceValueI18NModels/><value>Yes</value></standardChoiceValue></standardChoiceValueModels><type>SystemSwitch</type><valueSize>0</valueSize></standardChoice>
<standardChoice refId="1@StandardChoiceModel"><name>CONTACT TYPE</name><serviceProviderCode>SOLANOCO</serviceProviderCode><auditModel><auditDate>2020-06-03T11:17:29.867-05:00</auditDate><auditID>ADMIN</auditID><auditStatus>A</auditStatus></auditModel><description>Contact types for reference, which are generic contact types such as Individual and organization used in reference #Contacts</description><standardChoiceValueModels><standardChoiceValue refId="2@StandardChoiceValueModel"><sequenceNBR>105675564</sequenceNBR><serviceProviderCode>SOLANOCO</serviceProviderCode><auditModel><auditDate>2020-06-03T11:17:29.867-05:00</auditDate><auditID>ADMIN</auditID><auditStatus>A</auditStatus></auditModel><description>Both</description><sortOrder>0</sortOrder><standardChoiceName>CONTACT TYPE</standardChoiceName><standardChoiceValueI18NModels/><value>Accounts Receivable</value></standardChoiceValue><standardChoiceValue refId="3@StandardChoiceValueModel"><sequenceNBR>105731917</sequenceNBR><serviceProviderCode>SOLANOCO</serviceProviderCode><auditModel><auditDate>2020-06-03T11:17:29.870-05:00</auditDate><auditID>ADMIN</auditID><auditStatus>A</auditStatus></auditModel><description>Transaction</description><sortOrder>0</sortOrder><standardChoiceName>CONTACT TYPE</standardChoiceName><standardChoiceValueI18NModels/><value>Affiliate Business</value></standardChoiceValue><standardChoiceValue refId="4@StandardChoiceValueModel"><sequenceNBR>105731901</sequenceNBR><serviceProviderCode>SOLANOCO</serviceProviderCode><auditModel><auditDate>2020-06-03T11:17:29.873-05:00</auditDate><auditID>ADMIN</auditID><auditStatus>A</auditStatus></auditModel><description>Transaction</description><sortOrder>0</sortOrder><standardChoiceName>CONTACT TYPE</standardChoiceName><standardChoiceValueI18NModels/><value>Affiliate Individual</value></standardChoiceValue><standardChoiceValue refId="5@StandardChoiceValueModel"><sequenceNBR>105251997</sequenceNBR><serviceProviderCode>SOLANOCO</serviceProviderCode><auditModel><auditDate>2020-06-03T11:17:29.877-05:00</auditDate><auditID>ADMIN</auditID><auditStatus>A</auditStatus></auditModel><description>Transaction</description><sortOrder>0</sortOrder><standardChoiceName>CONTACT TYPE</standardChoiceName><standardChoiceValueI18NModels/><value>Applicant</value></standardChoiceValue><standardChoiceValue refId="6@StandardChoiceValueModel"><sequenceNBR>105731907</sequenceNBR><serviceProviderCode>SOLANOCO</serviceProviderCode><auditModel><auditDate>2020-06-03T11:17:29.880-05:00</auditDate><auditID>ADMIN</auditID><auditStatus>A</auditStatus></auditModel><description>Transaction</description><sortOrder>0</sortOrder><standardChoiceName>CONTACT TYPE</standardChoiceName><standardChoiceValueI18NModels/><value>Authorized Agent</value></standardChoiceValue><standardChoiceValue refId="7@StandardChoiceValueModel"><sequenceNBR>105731939</sequenceNBR><serviceProviderCode>SOLANOCO</serviceProviderCode><auditModel><auditDate>2020-06-03T11:17:29.880-05:00</auditDate><auditID>ADMIN</auditID><auditStatus>A</auditStatus></auditModel><description>Transaction</description><sortOrder>0</sortOrder><standardChoiceName>CONTACT TYPE</standardChoiceName><standardChoiceValueI18NModels/><value>Business Entity</value></standardChoiceValue><standardChoiceValue refId="8@StandardChoiceValueModel"><sequenceNBR>105251999</sequenceNBR><serviceProviderCode>SOLANOCO</serviceProviderCode><auditModel><auditDate>2020-06-03T11:17:29.890-05:00</auditDate><auditID>ADMIN</auditID><auditStatus>A</auditStatus></auditModel><description>Transaction</description><sortOrder>0</sortOrder><standardChoiceName>CONTACT TYPE</standardChoiceName><standardChoiceValueI18NModels/><value>Business Owner</value></standardChoiceValue><standardChoiceValue refId="9@StandardChoiceValueModel"><sequenceNBR>105731929</sequenceNBR><serviceProviderCode>SOLANOCO</serviceProviderCode><auditModel><auditDate>2020-06-03T11:17:29.890-05:00</auditDate><auditID>ADMIN</auditID><auditStatus>I</auditStatus></auditModel><description>Both</description><sortOrder>0</sortOrder><standardChoiceName>CONTACT TYPE</standardChoiceName><standardChoiceValueI18NModels/><value>Certified Food Handler</value></standardChoiceValue><standardChoiceValue refId="10@StandardChoiceValueModel"><sequenceNBR>105731931</sequenceNBR><serviceProviderCode>SOLANOCO</serviceProviderCode><auditModel><auditDate>2020-06-03T11:17:29.897-05:00</auditDate><auditID>ADMIN</auditID><auditStatus>I</auditStatus></auditModel><description>Both</description><sortOrder>0</sortOrder><standardChoiceName>CONTACT TYPE</standardChoiceName><standardChoiceValueI18NModels/><value>Commissary</value></standardChoiceValue><standardChoiceValue refId="11@StandardChoiceValueModel"><sequenceNBR>105675536</sequenceNBR><serviceProviderCode>SOLANOCO</serviceProviderCode><auditModel><auditDate>2020-06-03T11:17:29.900-05:00</auditDate><auditID>ADMIN</auditID><auditStatus>A</auditStatus></auditModel><description>Transaction</description><sortOrder>0</sortOrder><standardChoiceName>CONTACT TYPE</standardChoiceName><standardChoiceValueI18NModels/><value>Complainant</value></standardChoiceValue><standardChoiceValue refId="12@StandardChoiceValueModel"><sequenceNBR>105731062</sequenceNBR><serviceProviderCode>SOLANOCO</serviceProviderCode><auditModel><auditDate>2020-06-03T11:17:29.903-05:00</auditDate><auditID>ADMIN</auditID><auditStatus>A</auditStatus></auditModel><description>Transaction</description><sortOrder>0</sortOrder><standardChoiceName>CONTACT TYPE</standardChoiceName><standardChoiceValueI18NModels/><value>Contact</value></standardChoiceValue><standardChoiceValue refId="13@StandardChoiceValueModel"><sequenceNBR>105731933</sequenceNBR><serviceProviderCode>SOLANOCO</serviceProviderCode><auditModel><auditDate>2020-06-03T11:17:29.903-05:00</auditDate><auditID>ADMIN</auditID><auditStatus>A</auditStatus></auditModel><description>Transaction</description><sortOrder>0</sortOrder><standardChoiceName>CONTACT TYPE</standardChoiceName><standardChoiceValueI18NModels/><value>Designated Operator</value></standardChoiceValue><standardChoiceValue refId="14@StandardChoiceValueModel"><sequenceNBR>105675556</sequenceNBR><serviceProviderCode>SOLANOCO</serviceProviderCode><auditModel><auditDate>2020-06-03T11:17:29.907-05:00</auditDate><auditID>ADMIN</auditID><auditStatus>A</auditStatus></auditModel><description>Transaction</description><sortOrder>0</sortOrder><standardChoiceName>CONTACT TYPE</standardChoiceName><standardChoiceValueI18NModels/><value>Developer</value></standardChoiceValue><standardChoiceValue refId="15@StandardChoiceValueModel"><sequenceNBR>105731913</sequenceNBR><serviceProviderCode>SOLANOCO</serviceProviderCode><auditModel><auditDate>2020-06-03T11:17:29.910-05:00</auditDate><auditID>ADMIN</auditID><auditStatus>A</auditStatus></auditModel><description>Transaction</description><sortOrder>0</sortOrder><standardChoiceName>CONTACT TYPE</standardChoiceName><standardChoiceValueI18NModels/><value>Emergency Contact</value></standardChoiceValue><standardChoiceValue refId="16@StandardChoiceValueModel"><sequenceNBR>105731941</sequenceNBR><serviceProviderCode>SOLANOCO</serviceProviderCode><auditModel><auditDate>2020-06-03T11:17:29.910-05:00</auditDate><auditID>ADMIN</auditID><auditStatus>A</auditStatus></auditModel><description>Transaction</description><sortOrder>0</sortOrder><standardChoiceName>CONTACT TYPE</standardChoiceName><standardChoiceValueI18NModels/><value>Employee</value></standardChoiceValue><standardChoiceValue refId="17@StandardChoiceValueModel"><sequenceNBR>105731943</sequenceNBR><serviceProviderCode>SOLANOCO</serviceProviderCode><auditModel><auditDate>2020-06-03T11:17:29.913-05:00</auditDate><auditID>ADMIN</auditID><auditStatus>I</auditStatus></auditModel><description>Transaction</description><sortOrder>0</sortOrder><standardChoiceName>CONTACT TYPE</standardChoiceName><standardChoiceValueI18NModels/><value>Facility Contact</value></standardChoiceValue><standardChoiceValue refId="18@StandardChoiceValueModel"><sequenceNBR>105671116</sequenceNBR><serviceProviderCode>SOLANOCO</serviceProviderCode><auditModel><auditDate>2020-06-03T11:17:29.917-05:00</auditDate><auditID>ADMIN</auditID><auditStatus>A</auditStatus></auditModel><description>Both</description><sortOrder>0</sortOrder><standardChoiceName>CONTACT TYPE</standardChoiceName><standardChoiceValueI18NModels/><value>Facility Owner</value></standardChoiceValue><standardChoiceValue refId="19@StandardChoiceValueModel"><sequenceNBR>105252001</sequenceNBR><serviceProviderCode>SOLANOCO</serviceProviderCode><auditModel><auditDate>2020-06-03T11:17:29.917-05:00</auditDate><auditID>ADMIN</auditID><auditStatus>A</auditStatus></auditModel><description>Both</description><sortOrder>0</sortOrder><standardChoiceName>CONTACT TYPE</standardChoiceName><standardChoiceValueI18NModels/><value>Field Owner</value></standardChoiceValue><standardChoiceValue refId="20@StandardChoiceValueModel"><sequenceNBR>105731927</sequenceNBR><serviceProviderCode>SOLANOCO</serviceProviderCode><auditModel><auditDate>2020-06-03T11:17:29.927-05:00</auditDate><auditID>ADMIN</auditID><auditStatus>A</auditStatus></auditModel><description>Transaction</description><sortOrder>0</sortOrder><standardChoiceName>CONTACT TYPE</standardChoiceName><standardChoiceValueI18NModels/><value>Independent Contractor</value></standardChoiceValue><standardChoiceValue refId="21@StandardChoiceValueModel"><sequenceNBR>105731895</sequenceNBR><serviceProviderCode>SOLANOCO</serviceProviderCode><auditModel><auditDate>2020-06-03T11:17:29.930-05:00</auditDate><auditID>ADMIN</auditID><auditStatus>A</auditStatus></auditModel><description>Transaction</description><sortOrder>0</sortOrder><standardChoiceName>CONTACT TYPE</standardChoiceName><standardChoiceValueI18NModels/><value>Individual</value></standardChoiceValue><standardChoiceValue refId="22@StandardChoiceValueModel"><sequenceNBR>105731889</sequenceNBR><serviceProviderCode>SOLANOCO</serviceProviderCode><auditModel><auditDate>2020-06-03T11:17:29.930-05:00</auditDate><auditID>ADMIN</auditID><auditStatus>A</auditStatus></auditModel><description>Both</description><sortOrder>0</sortOrder><standardChoiceName>CONTACT TYPE</standardChoiceName><standardChoiceValueI18NModels/><value>Land Applicator</value></standardChoiceValue><standardChoiceValue refId="23@StandardChoiceValueModel"><sequenceNBR>105731919</sequenceNBR><serviceProviderCode>SOLANOCO</serviceProviderCode><auditModel><auditDate>2020-06-03T11:17:29.933-05:00</auditDate><auditID>ADMIN</auditID><auditStatus>A</auditStatus></auditModel><description>Transaction</description><sortOrder>0</sortOrder><standardChoiceName>CONTACT TYPE</standardChoiceName><standardChoiceValueI18NModels/><value>Letter Recipient</value></standardChoiceValue><standardChoiceValue refId="24@StandardChoiceValueModel"><sequenceNBR>105675566</sequenceNBR><serviceProviderCode>SOLANOCO</serviceProviderCode><auditModel><auditDate>2020-06-03T11:17:29.937-05:00</auditDate><auditID>ADMIN</auditID><auditStatus>A</auditStatus></auditModel><description>Transaction</description><sortOrder>0</sortOrder><standardChoiceName>CONTACT TYPE</standardChoiceName><standardChoiceValueI18NModels/><value>Manager</value></standardChoiceValue><standardChoiceValue refId="25@StandardChoiceValueModel"><sequenceNBR>105731909</sequenceNBR><serviceProviderCode>SOLANOCO</serviceProviderCode><auditModel><auditDate>2020-06-03T11:17:29.937-05:00</auditDate><auditID>ADMIN</auditID><auditStatus>A</auditStatus></auditModel><description>Transaction</description><sortOrder>0</sortOrder><standardChoiceName>CONTACT TYPE</standardChoiceName><standardChoiceValueI18NModels/><value>Operator</value></standardChoiceValue><standardChoiceValue refId="26@StandardChoiceValueModel"><sequenceNBR>105252003</sequenceNBR><serviceProviderCode>SOLANOCO</serviceProviderCode><auditModel><auditDate>2020-06-03T11:17:29.940-05:00</auditDate><auditID>ADMIN</auditID><auditStatus>A</auditStatus></auditModel><description>Both</description><sortOrder>0</sortOrder><standardChoiceName>CONTACT TYPE</standardChoiceName><standardChoiceValueI18NModels/><value>Organization</value></standardChoiceValue><standardChoiceValue refId="27@StandardChoiceValueModel"><sequenceNBR>105731903</sequenceNBR><serviceProviderCode>SOLANOCO</serviceProviderCode><auditModel><auditDate>2020-06-03T11:17:29.940-05:00</auditDate><auditID>ADMIN</auditID><auditStatus>A</auditStatus></auditModel><description>Transaction</description><sortOrder>0</sortOrder><standardChoiceName>CONTACT TYPE</standardChoiceName><standardChoiceValueI18NModels/><value>Property Owner</value></standardChoiceValue><standardChoiceValue refId="28@StandardChoiceValueModel"><sequenceNBR>105731935</sequenceNBR><serviceProviderCode>SOLANOCO</serviceProviderCode><auditModel><auditDate>2020-06-03T11:17:29.943-05:00</auditDate><auditID>ADMIN</auditID><auditStatus>A</auditStatus></auditModel><description>Transaction</description><sortOrder>0</sortOrder><standardChoiceName>CONTACT TYPE</standardChoiceName><standardChoiceValueI18NModels/><value>Qualifying Individual</value></standardChoiceValue><standardChoiceValue refId="29@StandardChoiceValueModel"><sequenceNBR>105731897</sequenceNBR><serviceProviderCode>SOLANOCO</serviceProviderCode><auditModel><auditDate>2020-06-03T11:17:29.947-05:00</auditDate><auditID>ADMIN</auditID><auditStatus>A</auditStatus></auditModel><description>Transaction</description><sortOrder>0</sortOrder><standardChoiceName>CONTACT TYPE</standardChoiceName><standardChoiceValueI18NModels/><value>Responsible Party</value></standardChoiceValue><standardChoiceValue refId="30@StandardChoiceValueModel"><sequenceNBR>105731925</sequenceNBR><serviceProviderCode>SOLANOCO</serviceProviderCode><auditModel><auditDate>2020-06-03T11:17:29.950-05:00</auditDate><auditID>ADMIN</auditID><auditStatus>I</auditStatus></auditModel><description>Transaction</description><sortOrder>0</sortOrder><standardChoiceName>CONTACT TYPE</standardChoiceName><standardChoiceValueI18NModels/><value>Shareholder</value></standardChoiceValue><standardChoiceValue refId="31@StandardChoiceValueModel"><sequenceNBR>105731949</sequenceNBR><serviceProviderCode>SOLANOCO</serviceProviderCode><auditModel><auditDate>2020-06-03T11:17:29.950-05:00</auditDate><auditID>ADMIN</auditID><auditStatus>I</auditStatus></auditModel><description>Both</description><sortOrder>0</sortOrder><standardChoiceName>CONTACT TYPE</standardChoiceName><standardChoiceValueI18NModels/><value>Sponsoring Organization</value></standardChoiceValue><standardChoiceValue refId="32@StandardChoiceValueModel"><sequenceNBR>105731921</sequenceNBR><serviceProviderCode>SOLANOCO</serviceProviderCode><auditModel><auditDate>2020-06-03T11:17:29.953-05:00</auditDate><auditID>ADMIN</auditID><auditStatus>A</auditStatus></auditModel><description>Transaction</description><sortOrder>0</sortOrder><standardChoiceName>CONTACT TYPE</standardChoiceName><standardChoiceValueI18NModels/><value>Surveyor</value></standardChoiceValue><standardChoiceValue refId="33@StandardChoiceValueModel"><sequenceNBR>105675560</sequenceNBR><serviceProviderCode>SOLANOCO</serviceProviderCode><auditModel><auditDate>2020-06-03T11:17:29.953-05:00</auditDate><auditID>ADMIN</auditID><auditStatus>A</auditStatus></auditModel><description>Both</description><sortOrder>0</sortOrder><standardChoiceName>CONTACT TYPE</standardChoiceName><standardChoiceValueI18NModels/><value>UST Owner</value></standardChoiceValue><standardChoiceValue refId="34@StandardChoiceValueModel"><sequenceNBR>105731923</sequenceNBR><serviceProviderCode>SOLANOCO</serviceProviderCode><auditModel><auditDate>2020-06-03T11:17:29.957-05:00</auditDate><auditID>ADMIN</auditID><auditStatus>A</auditStatus></auditModel><description>Transaction</description><sortOrder>0</sortOrder><standardChoiceName>CONTACT TYPE</standardChoiceName><standardChoiceValueI18NModels/><value>Utility Company</value></standardChoiceValue><standardChoiceValue refId="35@StandardChoiceValueModel"><sequenceNBR>105731947</sequenceNBR><serviceProviderCode>SOLANOCO</serviceProviderCode><auditModel><auditDate>2020-06-03T11:17:29.960-05:00</auditDate><auditID>ADMIN</auditID><auditStatus>A</auditStatus></auditModel><description>Transaction</description><sortOrder>0</sortOrder><standardChoiceName>CONTACT TYPE</standardChoiceName><standardChoiceValueI18NModels/><value>Veterinarian</value></standardChoiceValue><standardChoiceValue refId="36@StandardChoiceValueModel"><sequenceNBR>105675538</sequenceNBR><serviceProviderCode>SOLANOCO</serviceProviderCode><auditModel><auditDate>2020-06-03T11:17:29.960-05:00</auditDate><auditID>ADMIN</auditID><auditStatus>A</auditStatus></auditModel><description>Transaction</description><sortOrder>0</sortOrder><standardChoiceName>CONTACT TYPE</standardChoiceName><standardChoiceValueI18NModels/><value>Volunteer</value></standardChoiceValue></standardChoiceValueModels><type>SystemSwitch</type><valueSize>0</valueSize></standardChoice>
</list>