<?xml version="1.0" encoding="UTF-8" standalone="yes"?>
<list  version="9.0.0" minorVersion="26" exportUser="ADMIN" exportDateTime="08/13/2020 08:51 AM" description="AUTOMATION RECORD TYPE"><virProcess><r1ProcessCode>TEST</r1ProcessCode><servProvCode>SOLANOCO</servProvCode><isEmailSettringSelected>Y</isEmailSettringSelected><isSecuritySelected>Y</isSecuritySelected><isTSISelected>Y</isTSISelected><processEMailSettingModels/><processModels><processModel><r1ProcessCode>TEST</r1ProcessCode><sdStpNum>1</sdStpNum><servProvCode>SOLANOCO</servProvCode><auditModel><auditDate>2014-02-09T21:15:40-06:00</auditDate><auditID>Nick Skertich</auditID><auditStatus>A</auditStatus></auditModel><refTaskItemI18NModels/><sdNxtId1>012000000000000</sdNxtId1><sdProDes>Task1</sdProDes><sdProId1>010000000000000</sdProId1></processModel><processModel><r1ProcessCode>TEST</r1ProcessCode><sdStpNum>2</sdStpNum><servProvCode>SOLANOCO</servProvCode><auditModel><auditDate>2014-02-09T21:15:40-06:00</auditDate><auditID>Nick Skertich</auditID><auditStatus>A</auditStatus></auditModel><refTaskItemI18NModels/><sdNxtId1>000000000000000</sdNxtId1><sdProDes>Task2</sdProDes><sdProId1>012000000000000</sdProId1></processModel></processModels><processSecurityModels/><r3statypModels><r3statyp><r3ActStatCod>SCODE1</r3ActStatCod><r3ProcessCode>TEST</r3ProcessCode><servProvCode>SOLANOCO</servProvCode><displayInAca>Y</displayInAca><r3ActStatDes>Next Task</r3ActStatDes><r3ActStatFlg>Y</r3ActStatFlg><r3ActTypeDes>Task1</r3ActTypeDes><recDate>2014-02-09T21:15:40-06:00</recDate><recFulNam>Nick Skertich</recFulNam><recStatus>A</recStatus><refTaskStatusI18NModels/></r3statyp><r3statyp><r3ActStatCod>SCODE2</r3ActStatCod><r3ProcessCode>TEST</r3ProcessCode><servProvCode>SOLANOCO</servProvCode><applicationStatus>Closed</applicationStatus><displayInAca>Y</displayInAca><r3ActStatDes>Closed</r3ActStatDes><r3ActStatFlg>Y</r3ActStatFlg><r3ActTypeDes>Task2</r3ActTypeDes><recDate>2014-02-09T21:15:40-06:00</recDate><recFulNam>Nick Skertich</recFulNam><recStatus>A</recStatus><refTaskStatusI18NModels/></r3statyp></r3statypModels><securityFlag>TEST/%</securityFlag></virProcess>
</list>