<?xml version="1.0" encoding="UTF-8" standalone="yes"?>
<list  version="9.0.0" minorVersion="14" exportUser="LWACHT" exportDateTime="01/07/2019 09:24 AM" description="export data record for SWADDLE"><formLayoutEditor><screenId>798</screenId><servProvCode>PARTNER</servProvCode><contractNum>0</contractNum><expandNum>0</expandNum><formLayoutEditElementModels><formLayoutEditElementModel><screenElementId>14628</screenElementId><screenId>798</screenId><servProvCode>PARTNER</servProvCode><elementLeft>0</elementLeft><elementTop>0</elementTop><FormLayoutEditElementI18NModels/><recDate>2018-11-01T03:44:28.837-04:00</recDate><recFulNam>LWACHT</recFulNam><recStatus>A</recStatus><screenElementLabel>Module Name</screenElementLabel><screenElementName>Module_Name</screenElementName><screenGroupCode>SEP_AUTOMATE</screenGroupCode><screenHeight>18</screenHeight><screenSubgroupCode>ADDITIONAL_INFORMATION</screenSubgroupCode><screenWidth>154</screenWidth></formLayoutEditElementModel><formLayoutEditElementModel><screenElementId>14629</screenElementId><screenId>798</screenId><servProvCode>PARTNER</servProvCode><elementLeft>0</elementLeft><elementTop>0</elementTop><FormLayoutEditElementI18NModels/><recDate>2018-11-01T03:44:28.853-04:00</recDate><recFulNam>LWACHT</recFulNam><recStatus>A</recStatus><screenElementLabel>Agency From Email</screenElementLabel><screenElementName>Agency_From_Email</screenElementName><screenGroupCode>SEP_AUTOMATE</screenGroupCode><screenHeight>18</screenHeight><screenSubgroupCode>ADDITIONAL_INFORMATION</screenSubgroupCode><screenWidth>154</screenWidth></formLayoutEditElementModel></formLayoutEditElementModels><formLayoutEditorI18NModels/><formLayoutPermissionModels><formLayoutPermissionModel><permissionId>858</permissionId><screenId>798</screenId><servProvCode>PARTNER</servProvCode><permissionAccess>Full</permissionAccess><permissionLevel>MODULE</permissionLevel><permissionValue>AMS</permissionValue><recDate>2018-11-01T03:45:05.887-04:00</recDate><recFulNam>LWACHT</recFulNam><recStatus>A</recStatus></formLayoutPermissionModel><formLayoutPermissionModel><permissionId>859</permissionId><screenId>798</screenId><servProvCode>PARTNER</servProvCode><permissionAccess>Full</permissionAccess><permissionLevel>MODULE</permissionLevel><permissionValue>Building</permissionValue><recDate>2018-11-01T03:45:05.903-04:00</recDate><recFulNam>LWACHT</recFulNam><recStatus>A</recStatus></formLayoutPermissionModel><formLayoutPermissionModel><permissionId>860</permissionId><screenId>798</screenId><servProvCode>PARTNER</servProvCode><permissionAccess>Full</permissionAccess><permissionLevel>MODULE</permissionLevel><permissionValue>Electrical</permissionValue><recDate>2018-11-01T03:45:05.920-04:00</recDate><recFulNam>LWACHT</recFulNam><recStatus>A</recStatus></formLayoutPermissionModel><formLayoutPermissionModel><permissionId>861</permissionId><screenId>798</screenId><servProvCode>PARTNER</servProvCode><permissionAccess>Full</permissionAccess><permissionLevel>MODULE</permissionLevel><permissionValue>Enforcement</permissionValue><recDate>2018-11-01T03:45:05.937-04:00</recDate><recFulNam>LWACHT</recFulNam><recStatus>A</recStatus></formLayoutPermissionModel><formLayoutPermissionModel><permissionId>862</permissionId><screenId>798</screenId><servProvCode>PARTNER</servProvCode><permissionAccess>Full</permissionAccess><permissionLevel>MODULE</permissionLevel><permissionValue>Licenses</permissionValue><recDate>2018-11-01T03:45:05.937-04:00</recDate><recFulNam>LWACHT</recFulNam><recStatus>A</recStatus></formLayoutPermissionModel><formLayoutPermissionModel><permissionId>863</permissionId><screenId>798</screenId><servProvCode>PARTNER</servProvCode><permissionAccess>Full</permissionAccess><permissionLevel>MODULE</permissionLevel><permissionValue>Planning</permissionValue><recDate>2018-11-01T03:45:01.160-04:00</recDate><recFulNam>LWACHT</recFulNam><recStatus>A</recStatus></formLayoutPermissionModel><formLayoutPermissionModel><permissionId>864</permissionId><screenId>798</screenId><servProvCode>PARTNER</servProvCode><permissionAccess>Full</permissionAccess><permissionLevel>MODULE</permissionLevel><permissionValue>ROW</permissionValue><recDate>2018-11-01T03:45:01.177-04:00</recDate><recFulNam>LWACHT</recFulNam><recStatus>A</recStatus></formLayoutPermissionModel><formLayoutPermissionModel><permissionId>865</permissionId><screenId>798</screenId><servProvCode>PARTNER</servProvCode><permissionAccess>Full</permissionAccess><permissionLevel>MODULE</permissionLevel><permissionValue>ServiceRequest</permissionValue><recDate>2018-11-01T03:45:01.193-04:00</recDate><recFulNam>LWACHT</recFulNam><recStatus>A</recStatus></formLayoutPermissionModel><formLayoutPermissionModel><permissionId>866</permissionId><screenId>798</screenId><servProvCode>PARTNER</servProvCode><permissionAccess>Full</permissionAccess><permissionLevel>MODULE</permissionLevel><permissionValue>Zoning</permissionValue><recDate>2018-11-01T03:45:01.207-04:00</recDate><recFulNam>LWACHT</recFulNam><recStatus>A</recStatus></formLayoutPermissionModel></formLayoutPermissionModels><isPermissionSelected>Y</isPermissionSelected><recDate>2018-11-01T03:44:28.837-04:00</recDate><recFulNam>LWACHT</recFulNam><recStatus>A</recStatus><refreshInterval>0</refreshInterval><screenGroupCode>SEP_AUTOMATE</screenGroupCode><screenHeight>0</screenHeight><screenLabel>SEP Automation Tables</screenLabel><screenLayout>&lt;table cellSpacing=0 cellPadding=0&gt;&lt;tbody&gt;&lt;tr&gt;&lt;td colspan="13" rowspan="3"&gt;$__ADDITIONAL_INFORMATION@@@@Module_Name$&lt;/td&gt;&lt;td colspan="13" rowspan="3"&gt;$__ADDITIONAL_INFORMATION@@@@Agency_From_Email$&lt;/td&gt;&lt;td width=12 height=12&gt;&lt;/td&gt;&lt;td width=12 height=12&gt;&lt;/td&gt;&lt;td width=12 height=12&gt;&lt;/td&gt;&lt;td width=12 height=12&gt;&lt;/td&gt;&lt;td width=12 height=12&gt;&lt;/td&gt;&lt;td width=12 height=12&gt;&lt;/td&gt;&lt;td width=12 height=12&gt;&lt;/td&gt;&lt;td width=12 height=12&gt;&lt;/td&gt;&lt;td width=12 height=12&gt;&lt;/td&gt;&lt;td width=12 height=12&gt;&lt;/td&gt;&lt;td width=12 height=12&gt;&lt;/td&gt;&lt;td width=12 height=12&gt;&lt;/td&gt;&lt;td width=12 height=12&gt;&lt;/td&gt;&lt;td width=12 height=12&gt;&lt;/td&gt;&lt;td width=12 height=12&gt;&lt;/td&gt;&lt;td width=12 height=12&gt;&lt;/td&gt;&lt;td width=12 height=12&gt;&lt;/td&gt;&lt;/tr&gt;&lt;tr&gt;&lt;td width=12 height=12&gt;&lt;/td&gt;&lt;td width=12 height=12&gt;&lt;/td&gt;&lt;td width=12 height=12&gt;&lt;/td&gt;&lt;td width=12 height=12&gt;&lt;/td&gt;&lt;td width=12 height=12&gt;&lt;/td&gt;&lt;td width=12 height=12&gt;&lt;/td&gt;&lt;td width=12 height=12&gt;&lt;/td&gt;&lt;td width=12 height=12&gt;&lt;/td&gt;&lt;td width=12 height=12&gt;&lt;/td&gt;&lt;td width=12 height=12&gt;&lt;/td&gt;&lt;td width=12 height=12&gt;&lt;/td&gt;&lt;td width=12 height=12&gt;&lt;/td&gt;&lt;td width=12 height=12&gt;&lt;/td&gt;&lt;td width=12 height=12&gt;&lt;/td&gt;&lt;td width=12 height=12&gt;&lt;/td&gt;&lt;td width=12 height=12&gt;&lt;/td&gt;&lt;td width=12 height=12&gt;&lt;/td&gt;&lt;/tr&gt;&lt;tr&gt;&lt;td width=12 height=12&gt;&lt;/td&gt;&lt;td width=12 height=12&gt;&lt;/td&gt;&lt;td width=12 height=12&gt;&lt;/td&gt;&lt;td width=12 height=12&gt;&lt;/td&gt;&lt;td width=12 height=12&gt;&lt;/td&gt;&lt;td width=12 height=12&gt;&lt;/td&gt;&lt;td width=12 height=12&gt;&lt;/td&gt;&lt;td width=12 height=12&gt;&lt;/td&gt;&lt;td width=12 height=12&gt;&lt;/td&gt;&lt;td width=12 height=12&gt;&lt;/td&gt;&lt;td width=12 height=12&gt;&lt;/td&gt;&lt;td width=12 height=12&gt;&lt;/td&gt;&lt;td width=12 height=12&gt;&lt;/td&gt;&lt;td width=12 height=12&gt;&lt;/td&gt;&lt;td width=12 height=12&gt;&lt;/td&gt;&lt;td width=12 height=12&gt;&lt;/td&gt;&lt;td width=12 height=12&gt;&lt;/td&gt;&lt;/tr&gt;&lt;tr&gt;&lt;td width=12 height=12&gt;&lt;/td&gt;&lt;td width=12 height=12&gt;&lt;/td&gt;&lt;td width=12 height=12&gt;&lt;/td&gt;&lt;td width=12 height=12&gt;&lt;/td&gt;&lt;td width=12 height=12&gt;&lt;/td&gt;&lt;td width=12 height=12&gt;&lt;/td&gt;&lt;td width=12 height=12&gt;&lt;/td&gt;&lt;td width=12 height=12&gt;&lt;/td&gt;&lt;td width=12 height=12&gt;&lt;/td&gt;&lt;td width=12 height=12&gt;&lt;/td&gt;&lt;td width=12 height=12&gt;&lt;/td&gt;&lt;td width=12 height=12&gt;&lt;/td&gt;&lt;td width=12 height=12&gt;&lt;/td&gt;&lt;td width=12 height=12&gt;&lt;/td&gt;&lt;td width=12 height=12&gt;&lt;/td&gt;&lt;td width=12 height=12&gt;&lt;/td&gt;&lt;td width=12 height=12&gt;&lt;/td&gt;&lt;td width=12 height=12&gt;&lt;/td&gt;&lt;td width=12 height=12&gt;&lt;/td&gt;&lt;td width=12 height=12&gt;&lt;/td&gt;&lt;td width=12 height=12&gt;&lt;/td&gt;&lt;td width=12 height=12&gt;&lt;/td&gt;&lt;td width=12 height=12&gt;&lt;/td&gt;&lt;td width=12 height=12&gt;&lt;/td&gt;&lt;td width=12 height=12&gt;&lt;/td&gt;&lt;td width=12 height=12&gt;&lt;/td&gt;&lt;td width=12 height=12&gt;&lt;/td&gt;&lt;td width=12 height=12&gt;&lt;/td&gt;&lt;td width=12 height=12&gt;&lt;/td&gt;&lt;td width=12 height=12&gt;&lt;/td&gt;&lt;td width=12 height=12&gt;&lt;/td&gt;&lt;td width=12 height=12&gt;&lt;/td&gt;&lt;td width=12 height=12&gt;&lt;/td&gt;&lt;td width=12 height=12&gt;&lt;/td&gt;&lt;td width=12 height=12&gt;&lt;/td&gt;&lt;td width=12 height=12&gt;&lt;/td&gt;&lt;td width=12 height=12&gt;&lt;/td&gt;&lt;td width=12 height=12&gt;&lt;/td&gt;&lt;td width=12 height=12&gt;&lt;/td&gt;&lt;td width=12 height=12&gt;&lt;/td&gt;&lt;td width=12 height=12&gt;&lt;/td&gt;&lt;td width=12 height=12&gt;&lt;/td&gt;&lt;td width=12 height=12&gt;&lt;/td&gt;&lt;/tr&gt;&lt;tr&gt;&lt;td width=12 height=12&gt;&lt;/td&gt;&lt;td width=12 height=12&gt;&lt;/td&gt;&lt;td width=12 height=12&gt;&lt;/td&gt;&lt;td width=12 height=12&gt;&lt;/td&gt;&lt;td width=12 height=12&gt;&lt;/td&gt;&lt;td width=12 height=12&gt;&lt;/td&gt;&lt;td width=12 height=12&gt;&lt;/td&gt;&lt;td width=12 height=12&gt;&lt;/td&gt;&lt;td width=12 height=12&gt;&lt;/td&gt;&lt;td width=12 height=12&gt;&lt;/td&gt;&lt;td width=12 height=12&gt;&lt;/td&gt;&lt;td width=12 height=12&gt;&lt;/td&gt;&lt;td width=12 height=12&gt;&lt;/td&gt;&lt;td width=12 height=12&gt;&lt;/td&gt;&lt;td width=12 height=12&gt;&lt;/td&gt;&lt;td width=12 height=12&gt;&lt;/td&gt;&lt;td width=12 height=12&gt;&lt;/td&gt;&lt;td width=12 height=12&gt;&lt;/td&gt;&lt;td width=12 height=12&gt;&lt;/td&gt;&lt;td width=12 height=12&gt;&lt;/td&gt;&lt;td width=12 height=12&gt;&lt;/td&gt;&lt;td width=12 height=12&gt;&lt;/td&gt;&lt;td width=12 height=12&gt;&lt;/td&gt;&lt;td width=12 height=12&gt;&lt;/td&gt;&lt;td width=12 height=12&gt;&lt;/td&gt;&lt;td width=12 height=12&gt;&lt;/td&gt;&lt;td width=12 height=12&gt;&lt;/td&gt;&lt;td width=12 height=12&gt;&lt;/td&gt;&lt;td width=12 height=12&gt;&lt;/td&gt;&lt;td width=12 height=12&gt;&lt;/td&gt;&lt;td width=12 height=12&gt;&lt;/td&gt;&lt;td width=12 height=12&gt;&lt;/td&gt;&lt;td width=12 height=12&gt;&lt;/td&gt;&lt;td width=12 height=12&gt;&lt;/td&gt;&lt;td width=12 height=12&gt;&lt;/td&gt;&lt;td width=12 height=12&gt;&lt;/td&gt;&lt;td width=12 height=12&gt;&lt;/td&gt;&lt;td width=12 height=12&gt;&lt;/td&gt;&lt;td width=12 height=12&gt;&lt;/td&gt;&lt;td width=12 height=12&gt;&lt;/td&gt;&lt;td width=12 height=12&gt;&lt;/td&gt;&lt;td width=12 height=12&gt;&lt;/td&gt;&lt;td width=12 height=12&gt;&lt;/td&gt;&lt;/tr&gt;&lt;tr&gt;&lt;td colspan="42" rowspan="5" class="inputfieldlabel"&gt;$_@@@@TABLE@@@@$&lt;/td&gt;&lt;td width=12 height=12&gt;&lt;/td&gt;&lt;/tr&gt;&lt;tr&gt;&lt;td width=12 height=12&gt;&lt;/td&gt;&lt;/tr&gt;&lt;tr&gt;&lt;td width=12 height=12&gt;&lt;/td&gt;&lt;/tr&gt;&lt;tr&gt;&lt;td width=12 height=12&gt;&lt;/td&gt;&lt;/tr&gt;&lt;tr&gt;&lt;td width=12 height=12&gt;&lt;/td&gt;&lt;/tr&gt;&lt;/tbody&gt;&lt;/table&gt;</screenLayout><screenName>SEP Automation Tables</screenName><screenType>ASI</screenType><screenWidth>0</screenWidth><sizeUnit>0</sizeUnit></formLayoutEditor>
</list>