<?xml version="1.0" encoding="UTF-8" standalone="yes"?>
<list  version="9.0.0" minorVersion="14" exportUser="LWACHT" exportDateTime="01/07/2019 09:24 AM" description="export data record for SWADDLE"><mask><name>Default</name><serviceProviderCode>PARTNER</serviceProviderCode><type>Cap Key</type><auditModel><auditDate>2010-09-10T03:29:35.547-04:00</auditDate><auditID>SYSTEM</auditID><auditStatus>A</auditStatus></auditModel><description>Default Cap Key Mask</description><maxLength>17</maxLength><minLength>17</minLength><pattern>$$yy$$CAP-00000-$$SEQ05$$</pattern><radixValue>36</radixValue><seqName>Default</seqName></mask>
<mask><name>SEP_AUTOMATE</name><serviceProviderCode>PARTNER</serviceProviderCode><type>Cap ID</type><auditModel><auditDate>2018-11-06T05:04:24.170-05:00</auditDate><auditID>SYSTEM</auditID><auditStatus>A</auditStatus></auditModel><description> </description><maxLength>30</maxLength><minLength>1</minLength><pattern>AUTOMATE$$YY$$-$$SEQ03$$</pattern><radixValue>10</radixValue><seqName>SEP_AUTOMATE</seqName></mask>
<mask><name>Default</name><serviceProviderCode>PARTNER</serviceProviderCode><type>Partial CAP ID</type><auditModel><auditDate>2010-09-10T08:29:44.300-04:00</auditDate><auditID>ADMIN</auditID><auditStatus>A</auditStatus></auditModel><description>Mask Definition for Partial CAP ID</description><maxLength>30</maxLength><minLength>1</minLength><pattern>$$yy$$EST-$$SEQ06$$</pattern><radixValue>10</radixValue><seqName>Default</seqName></mask>
<mask><name>Default</name><serviceProviderCode>PARTNER</serviceProviderCode><type>Temporary CAP ID</type><auditModel><auditDate>2008-03-11T07:29:47-04:00</auditDate><auditID>ADMIN</auditID><auditStatus>A</auditStatus></auditModel><description>Mask Definition for Temporary CAP ID</description><maxLength>30</maxLength><minLength>1</minLength><pattern>$$yy$$TMP-$$SEQ06$$</pattern><radixValue>10</radixValue><seqName>Default</seqName></mask>
</list>