<?xml version="1.0" encoding="UTF-8" standalone="yes"?>
<list  version="9.0.0" minorVersion="14" exportUser="LWACHT" exportDateTime="01/07/2019 09:24 AM" description="export data record for SWADDLE"><refFeeSchedule refId="1@RefFeeScheduleModel"><serviceProviderCode>PARTNER</serviceProviderCode><feeScheduleName>NO FEES</feeScheduleName><feeScheduleVersion>1.0</feeScheduleVersion><auditModel><auditDate>2017-07-20T14:10:28.453-04:00</auditDate><auditID>ADMIN</auditID><auditStatus>A</auditStatus></auditModel><effDate>2016-12-31T22:00:00-05:00</effDate><refFeeItemModels/><refFeeScheduleI18NModels/><feeScheduleModuleModels/><refFeeItemgroups/></refFeeSchedule>
<refFeeSchedule refId="1@RefFeeScheduleModel"><serviceProviderCode>PARTNER</serviceProviderCode><feeScheduleName>NO FEES</feeScheduleName><feeScheduleVersion>VERSION 1</feeScheduleVersion><auditModel><auditDate>2013-07-26T09:52:37.333-04:00</auditDate><auditID>ADMIN</auditID><auditStatus>A</auditStatus></auditModel><effDate>2013-07-01T00:00:00-04:00</effDate><refFeeItemModels/><refFeeScheduleI18NModels/><feeScheduleModuleModels/><refFeeItemgroups/></refFeeSchedule>
</list>