<?xml version="1.0" encoding="UTF-8" standalone="yes"?>
<list  version="9.0.0" minorVersion="14" exportUser="LWACHT" exportDateTime="01/07/2019 09:24 AM" description="export data record for SWADDLE"><sequence refId="1@SequenceModel"><name>Default</name><serviceProviderCode>PARTNER</serviceProviderCode><type>Cap Key</type><auditModel><auditDate>2017-07-11T14:40:29.777-04:00</auditDate><auditID>SYSTEM</auditID><auditStatus>A</auditStatus></auditModel><cacheSize>1</cacheSize><description>Default Cap Key</description><increaseValue>1</increaseValue><intervalType>CY</intervalType><minValue>1</minValue><resetAction>E</resetAction><resetValue>60466175</resetValue><sequenceIntervalModels><sequenceInterval><intervalName>CY2017</intervalName><sequenceName>Default</sequenceName><sequenceType>Cap Key</sequenceType><serviceProviderCode>PARTNER</serviceProviderCode><auditModel><auditDate>2017-10-06T05:32:38.293-04:00</auditDate><auditID>SYSTEM@(*&amp;$@#</auditID><auditStatus>A</auditStatus></auditModel><lastSequenceNbr>704</lastSequenceNbr></sequenceInterval><sequenceInterval><intervalName>CY2018</intervalName><sequenceName>Default</sequenceName><sequenceType>Cap Key</sequenceType><serviceProviderCode>PARTNER</serviceProviderCode><auditModel><auditDate>2018-12-31T06:37:08.590-05:00</auditDate><auditID>SYSTEM@(*&amp;$@#</auditID><auditStatus>A</auditStatus></auditModel><lastSequenceNbr>29</lastSequenceNbr></sequenceInterval><sequenceInterval><intervalName>CY2019</intervalName><sequenceName>Default</sequenceName><sequenceType>Cap Key</sequenceType><serviceProviderCode>PARTNER</serviceProviderCode><auditModel><auditDate>2019-01-07T07:13:11.990-05:00</auditDate><auditID>SYSTEM@(*&amp;$@#</auditID><auditStatus>A</auditStatus></auditModel><lastSequenceNbr>9</lastSequenceNbr></sequenceInterval></sequenceIntervalModels></sequence>
<sequence refId="1@SequenceModel"><name>SEP_AUTOMATE</name><serviceProviderCode>PARTNER</serviceProviderCode><type>Cap ID</type><auditModel><auditDate>2018-11-06T05:02:34.257-05:00</auditDate><auditID>SYSTEM</auditID><auditStatus>A</auditStatus></auditModel><cacheSize>1</cacheSize><description> </description><increaseValue>1</increaseValue><intervalType>CY</intervalType><minValue>1</minValue><resetAction>E</resetAction><resetValue>999999</resetValue><sequenceIntervalModels><sequenceInterval><intervalName>CY2018</intervalName><sequenceName>SEP_AUTOMATE</sequenceName><sequenceType>Cap ID</sequenceType><serviceProviderCode>PARTNER</serviceProviderCode><auditModel><auditDate>2018-12-31T06:37:08.967-05:00</auditDate><auditID>SYSTEM@(*&amp;$@#</auditID><auditStatus>A</auditStatus></auditModel><lastSequenceNbr>1</lastSequenceNbr></sequenceInterval></sequenceIntervalModels></sequence>
<sequence refId="1@SequenceModel"><name>Default</name><serviceProviderCode>PARTNER</serviceProviderCode><type>Partial CAP ID</type><auditModel><auditDate>2017-07-11T14:40:30.460-04:00</auditDate><auditID>ADMIN</auditID><auditStatus>A</auditStatus></auditModel><cacheSize>1</cacheSize><description>Default sequence Definition for Partial CAP ID</description><increaseValue>1</increaseValue><intervalType>CY</intervalType><minValue>1</minValue><resetAction>E</resetAction><resetValue>999999</resetValue><sequenceIntervalModels><sequenceInterval><intervalName>CY</intervalName><sequenceName>Default</sequenceName><sequenceType>Partial CAP ID</sequenceType><serviceProviderCode>PARTNER</serviceProviderCode><auditModel><auditDate>2015-07-15T16:08:37.840-04:00</auditDate><auditID>ADMIN</auditID><auditStatus>A</auditStatus></auditModel><lastSequenceNbr>0</lastSequenceNbr></sequenceInterval><sequenceInterval><intervalName>CY2017</intervalName><sequenceName>Default</sequenceName><sequenceType>Partial CAP ID</sequenceType><serviceProviderCode>PARTNER</serviceProviderCode><auditModel><auditDate>2017-08-17T15:00:07.977-04:00</auditDate><auditID>SYSTEM@(*&amp;$@#</auditID><auditStatus>A</auditStatus></auditModel><lastSequenceNbr>8</lastSequenceNbr></sequenceInterval></sequenceIntervalModels></sequence>
<sequence refId="1@SequenceModel"><name>Default</name><serviceProviderCode>PARTNER</serviceProviderCode><type>Temporary CAP ID</type><auditModel><auditDate>2017-07-11T14:40:30.467-04:00</auditDate><auditID>ADMIN</auditID><auditStatus>A</auditStatus></auditModel><cacheSize>1</cacheSize><description>Default sequence Definition for Temporary CAP ID</description><increaseValue>1</increaseValue><intervalType>CY</intervalType><minValue>1</minValue><resetAction>E</resetAction><resetValue>999999</resetValue><sequenceIntervalModels><sequenceInterval><intervalName>CY</intervalName><sequenceName>Default</sequenceName><sequenceType>Temporary CAP ID</sequenceType><serviceProviderCode>PARTNER</serviceProviderCode><auditModel><auditDate>2015-07-15T16:08:37.863-04:00</auditDate><auditID>ADMIN</auditID><auditStatus>A</auditStatus></auditModel><lastSequenceNbr>0</lastSequenceNbr></sequenceInterval><sequenceInterval><intervalName>CY2017</intervalName><sequenceName>Default</sequenceName><sequenceType>Temporary CAP ID</sequenceType><serviceProviderCode>PARTNER</serviceProviderCode><auditModel><auditDate>2017-10-06T05:29:31.983-04:00</auditDate><auditID>SYSTEM@(*&amp;$@#</auditID><auditStatus>A</auditStatus></auditModel><lastSequenceNbr>774</lastSequenceNbr></sequenceInterval><sequenceInterval><intervalName>CY2018</intervalName><sequenceName>Default</sequenceName><sequenceType>Temporary CAP ID</sequenceType><serviceProviderCode>PARTNER</serviceProviderCode><auditModel><auditDate>2018-10-26T02:29:51.030-04:00</auditDate><auditID>SYSTEM@(*&amp;$@#</auditID><auditStatus>A</auditStatus></auditModel><lastSequenceNbr>1</lastSequenceNbr></sequenceInterval></sequenceIntervalModels></sequence>
</list>