<?xml version="1.0" encoding="UTF-8" standalone="yes"?>
<list  version="9.0.0" minorVersion="14" exportUser="LWACHT" exportDateTime="01/07/2019 09:24 AM" description="export data record for SWADDLE"><smartChoiceGroup refId="1@SmartChoiceGroupModel"><groupCode>SEPAUTOMATION</groupCode><serviceProviderCode>PARTNER</serviceProviderCode><smartChoiceModels><smartChoice><functionName>ADDITIONAL INFO</functionName><groupName>SEPAUTOMATION</groupName><serviceProviderCode>PARTNER</serviceProviderCode><auditModel><auditDate>2018-10-09T11:20:01.273-04:00</auditDate><auditID>LWACHT</auditID><auditStatus>A</auditStatus></auditModel><defaultValue></defaultValue><displayFlg>N</displayFlg><displayOrder>13</displayOrder><requiredFlg></requiredFlg><smartChoiceOptionModels/><validateFlg></validateFlg></smartChoice><smartChoice><functionName>ADDRESS</functionName><groupName>SEPAUTOMATION</groupName><serviceProviderCode>PARTNER</serviceProviderCode><auditModel><auditDate>2018-10-09T11:20:01.217-04:00</auditDate><auditID>LWACHT</auditID><auditStatus>A</auditStatus></auditModel><defaultValue></defaultValue><displayFlg>N</displayFlg><displayOrder>2</displayOrder><requiredFlg>Y</requiredFlg><smartChoiceOptionModels/><validateFlg>N</validateFlg></smartChoice><smartChoice><functionName>APPLICANT</functionName><groupName>SEPAUTOMATION</groupName><serviceProviderCode>PARTNER</serviceProviderCode><auditModel><auditDate>2018-10-09T11:20:01.240-04:00</auditDate><auditID>LWACHT</auditID><auditStatus>A</auditStatus></auditModel><defaultValue>Applicant</defaultValue><displayBtnFlag>11</displayBtnFlag><displayFlg>N</displayFlg><displayOrder>6</displayOrder><requiredFlg>Y</requiredFlg><smartChoiceOptionModels/><validateFlg>N</validateFlg></smartChoice><smartChoice><functionName>APPLICATION SPECIFIC INFO</functionName><groupName>SEPAUTOMATION</groupName><serviceProviderCode>PARTNER</serviceProviderCode><auditModel><auditDate>2018-10-09T11:20:01.280-04:00</auditDate><auditID>LWACHT</auditID><auditStatus>A</auditStatus></auditModel><defaultValue></defaultValue><displayFlg>Y</displayFlg><displayOrder>15</displayOrder><requiredFlg></requiredFlg><smartChoiceOptionModels/><validateFlg></validateFlg></smartChoice><smartChoice><functionName>APPLICATION STATUS</functionName><groupName>SEPAUTOMATION</groupName><serviceProviderCode>PARTNER</serviceProviderCode><auditModel><auditDate>2018-10-09T11:20:01.277-04:00</auditDate><auditID>LWACHT</auditID><auditStatus>A</auditStatus></auditModel><defaultValue></defaultValue><displayFlg>N</displayFlg><displayOrder>14</displayOrder><requiredFlg></requiredFlg><smartChoiceOptionModels/><validateFlg></validateFlg></smartChoice><smartChoice><functionName>ASSET</functionName><groupName>SEPAUTOMATION</groupName><serviceProviderCode>PARTNER</serviceProviderCode><auditModel><auditDate>2018-10-09T11:20:01.297-04:00</auditDate><auditID>LWACHT</auditID><auditStatus>A</auditStatus></auditModel><defaultValue></defaultValue><displayFlg>N</displayFlg><displayOrder>20</displayOrder><requiredFlg>N</requiredFlg><smartChoiceOptionModels/><validateFlg></validateFlg></smartChoice><smartChoice><functionName>ASSOCIATED GIS FEATURES</functionName><groupName>SEPAUTOMATION</groupName><serviceProviderCode>PARTNER</serviceProviderCode><auditModel><auditDate>2018-10-09T11:20:01.283-04:00</auditDate><auditID>LWACHT</auditID><auditStatus>A</auditStatus></auditModel><defaultValue></defaultValue><displayFlg>N</displayFlg><displayOrder>16</displayOrder><requiredFlg>Y</requiredFlg><smartChoiceOptionModels/><validateFlg></validateFlg></smartChoice><smartChoice><functionName>ATTACHED TABLES</functionName><groupName>SEPAUTOMATION</groupName><serviceProviderCode>PARTNER</serviceProviderCode><auditModel><auditDate>2018-10-09T11:20:01.300-04:00</auditDate><auditID>LWACHT</auditID><auditStatus>A</auditStatus></auditModel><defaultValue></defaultValue><displayFlg>Y</displayFlg><displayOrder>21</displayOrder><requiredFlg></requiredFlg><smartChoiceOptionModels/><validateFlg></validateFlg></smartChoice><smartChoice><functionName>CAPDETAIL</functionName><groupName>SEPAUTOMATION</groupName><serviceProviderCode>PARTNER</serviceProviderCode><auditModel><auditDate>2018-10-09T11:20:01.213-04:00</auditDate><auditID>LWACHT</auditID><auditStatus>A</auditStatus></auditModel><defaultValue></defaultValue><displayFlg>Y</displayFlg><displayOrder>1</displayOrder><requiredFlg>Y</requiredFlg><smartChoiceOptionModels/><validateFlg></validateFlg></smartChoice><smartChoice><functionName>COMMENTS</functionName><groupName>SEPAUTOMATION</groupName><serviceProviderCode>PARTNER</serviceProviderCode><auditModel><auditDate>2018-10-09T11:20:01.330-04:00</auditDate><auditID>LWACHT</auditID><auditStatus>A</auditStatus></auditModel><defaultValue></defaultValue><displayFlg>N</displayFlg><displayOrder>26</displayOrder><requiredFlg>Y</requiredFlg><smartChoiceOptionModels/><validateFlg></validateFlg></smartChoice><smartChoice><functionName>COMPLAINANT INFO</functionName><groupName>SEPAUTOMATION</groupName><serviceProviderCode>PARTNER</serviceProviderCode><auditModel><auditDate>2018-10-09T11:20:01.267-04:00</auditDate><auditID>LWACHT</auditID><auditStatus>A</auditStatus></auditModel><defaultValue></defaultValue><displayFlg>N</displayFlg><displayOrder>11</displayOrder><requiredFlg>Y</requiredFlg><smartChoiceOptionModels/><validateFlg></validateFlg></smartChoice><smartChoice><functionName>COMPLAINT INFO</functionName><groupName>SEPAUTOMATION</groupName><serviceProviderCode>PARTNER</serviceProviderCode><auditModel><auditDate>2018-10-09T11:20:01.270-04:00</auditDate><auditID>LWACHT</auditID><auditStatus>A</auditStatus></auditModel><defaultValue></defaultValue><displayFlg>N</displayFlg><displayOrder>12</displayOrder><requiredFlg>Y</requiredFlg><smartChoiceOptionModels/><validateFlg></validateFlg></smartChoice><smartChoice><functionName>CONTACT1</functionName><groupName>SEPAUTOMATION</groupName><serviceProviderCode>PARTNER</serviceProviderCode><auditModel><auditDate>2018-10-09T11:20:01.253-04:00</auditDate><auditID>LWACHT</auditID><auditStatus>A</auditStatus></auditModel><defaultValue>Accounts Receivable</defaultValue><displayBtnFlag>11</displayBtnFlag><displayFlg>N</displayFlg><displayOrder>7</displayOrder><requiredFlg>Y</requiredFlg><smartChoiceOptionModels/><validateFlg>N</validateFlg></smartChoice><smartChoice><functionName>CONTACT2</functionName><groupName>SEPAUTOMATION</groupName><serviceProviderCode>PARTNER</serviceProviderCode><auditModel><auditDate>2018-10-09T11:20:01.257-04:00</auditDate><auditID>LWACHT</auditID><auditStatus>A</auditStatus></auditModel><defaultValue>Accounts Receivable</defaultValue><displayBtnFlag>11</displayBtnFlag><displayFlg>N</displayFlg><displayOrder>8</displayOrder><requiredFlg>Y</requiredFlg><smartChoiceOptionModels/><validateFlg>N</validateFlg></smartChoice><smartChoice><functionName>CONTACT3</functionName><groupName>SEPAUTOMATION</groupName><serviceProviderCode>PARTNER</serviceProviderCode><auditModel><auditDate>2018-10-09T11:20:01.260-04:00</auditDate><auditID>LWACHT</auditID><auditStatus>A</auditStatus></auditModel><defaultValue>Accounts Receivable</defaultValue><displayBtnFlag>11</displayBtnFlag><displayFlg>N</displayFlg><displayOrder>9</displayOrder><requiredFlg>Y</requiredFlg><smartChoiceOptionModels/><validateFlg>N</validateFlg></smartChoice><smartChoice><functionName>CONTINUINGEDUCATION</functionName><groupName>SEPAUTOMATION</groupName><serviceProviderCode>PARTNER</serviceProviderCode><auditModel><auditDate>2018-10-09T11:20:01.320-04:00</auditDate><auditID>LWACHT</auditID><auditStatus>A</auditStatus></auditModel><defaultValue></defaultValue><displayFlg>N</displayFlg><displayOrder>24</displayOrder><requiredFlg>Y</requiredFlg><smartChoiceOptionModels/><validateFlg></validateFlg></smartChoice><smartChoice><functionName>DOCUMENT</functionName><groupName>SEPAUTOMATION</groupName><serviceProviderCode>PARTNER</serviceProviderCode><auditModel><auditDate>2018-10-09T11:20:01.307-04:00</auditDate><auditID>LWACHT</auditID><auditStatus>A</auditStatus></auditModel><defaultValue></defaultValue><displayFlg>N</displayFlg><displayOrder>22</displayOrder><requiredFlg>Y</requiredFlg><smartChoiceOptionModels/><validateFlg></validateFlg></smartChoice><smartChoice><functionName>EDUCATION</functionName><groupName>SEPAUTOMATION</groupName><serviceProviderCode>PARTNER</serviceProviderCode><auditModel><auditDate>2018-10-09T11:20:01.317-04:00</auditDate><auditID>LWACHT</auditID><auditStatus>A</auditStatus></auditModel><defaultValue></defaultValue><displayFlg>N</displayFlg><displayOrder>23</displayOrder><requiredFlg>Y</requiredFlg><smartChoiceOptionModels/><validateFlg></validateFlg></smartChoice><smartChoice><functionName>ESTABLISHMENT INFO</functionName><groupName>SEPAUTOMATION</groupName><serviceProviderCode>PARTNER</serviceProviderCode><auditModel><auditDate>2018-10-09T11:20:01.290-04:00</auditDate><auditID>LWACHT</auditID><auditStatus>A</auditStatus></auditModel><defaultValue></defaultValue><displayFlg>N</displayFlg><displayOrder>18</displayOrder><requiredFlg></requiredFlg><smartChoiceOptionModels/><validateFlg></validateFlg></smartChoice><smartChoice><functionName>EVENT</functionName><groupName>SEPAUTOMATION</groupName><serviceProviderCode>PARTNER</serviceProviderCode><auditModel><auditDate>2018-10-09T11:20:01.293-04:00</auditDate><auditID>LWACHT</auditID><auditStatus>A</auditStatus></auditModel><defaultValue></defaultValue><displayFlg>N</displayFlg><displayOrder>19</displayOrder><requiredFlg>Y</requiredFlg><smartChoiceOptionModels/><validateFlg></validateFlg></smartChoice><smartChoice><functionName>EXAMINATION</functionName><groupName>SEPAUTOMATION</groupName><serviceProviderCode>PARTNER</serviceProviderCode><auditModel><auditDate>2018-10-09T11:20:01.323-04:00</auditDate><auditID>LWACHT</auditID><auditStatus>A</auditStatus></auditModel><defaultValue></defaultValue><displayFlg>N</displayFlg><displayOrder>25</displayOrder><requiredFlg>Y</requiredFlg><smartChoiceOptionModels/><validateFlg></validateFlg></smartChoice><smartChoice><functionName>LICENSED PROFESSIONAL</functionName><groupName>SEPAUTOMATION</groupName><serviceProviderCode>PARTNER</serviceProviderCode><auditModel><auditDate>2018-10-09T11:20:01.237-04:00</auditDate><auditID>LWACHT</auditID><auditStatus>A</auditStatus></auditModel><defaultValue></defaultValue><displayFlg>N</displayFlg><displayOrder>5</displayOrder><requiredFlg>Y</requiredFlg><smartChoiceOptionModels/><validateFlg>N</validateFlg></smartChoice><smartChoice><functionName>MULTIPLE_CONTACTS</functionName><groupName>SEPAUTOMATION</groupName><serviceProviderCode>PARTNER</serviceProviderCode><auditModel><auditDate>2018-10-09T11:20:01.310-04:00</auditDate><auditID>LWACHT</auditID><auditStatus>A</auditStatus></auditModel><defaultValue></defaultValue><displayBtnFlag>11</displayBtnFlag><displayFlg>N</displayFlg><displayOrder>10</displayOrder><requiredFlg>Y</requiredFlg><smartChoiceOptionModels/><validateFlg>N</validateFlg></smartChoice><smartChoice><functionName>OWNER</functionName><groupName>SEPAUTOMATION</groupName><serviceProviderCode>PARTNER</serviceProviderCode><auditModel><auditDate>2018-10-09T11:20:01.223-04:00</auditDate><auditID>LWACHT</auditID><auditStatus>A</auditStatus></auditModel><defaultValue></defaultValue><displayFlg>N</displayFlg><displayOrder>4</displayOrder><requiredFlg>Y</requiredFlg><smartChoiceOptionModels/><validateFlg>N</validateFlg></smartChoice><smartChoice><functionName>PARCEL</functionName><groupName>SEPAUTOMATION</groupName><serviceProviderCode>PARTNER</serviceProviderCode><auditModel><auditDate>2018-10-09T11:20:01.220-04:00</auditDate><auditID>LWACHT</auditID><auditStatus>A</auditStatus></auditModel><defaultValue></defaultValue><displayFlg>N</displayFlg><displayOrder>3</displayOrder><requiredFlg>Y</requiredFlg><smartChoiceOptionModels/><validateFlg>N</validateFlg></smartChoice><smartChoice><functionName>STRUCTURE INFO</functionName><groupName>SEPAUTOMATION</groupName><serviceProviderCode>PARTNER</serviceProviderCode><auditModel><auditDate>2018-10-09T11:20:01.287-04:00</auditDate><auditID>LWACHT</auditID><auditStatus>A</auditStatus></auditModel><defaultValue>STRTEST</defaultValue><displayFlg>N</displayFlg><displayOrder>17</displayOrder><requiredFlg></requiredFlg><smartChoiceOptionModels/><validateFlg></validateFlg></smartChoice></smartChoiceModels><structureTypeModels><structureTypeModel refId="2@StructureTypeModel"><sourceNumber>1</sourceNumber><type>STRTEST</type><auditModel><auditDate>2014-09-15T05:51:27-04:00</auditDate><auditID>ADMIN</auditID><auditStatus>A</auditStatus></auditModel><description>This is the first structure type tested when analysing the str template.</description><structureTypeI18NModels/></structureTypeModel></structureTypeModels></smartChoiceGroup>
</list>