<?xml version="1.0" encoding="UTF-8" standalone="yes"?>
<list  version="9.0.0" minorVersion="14" exportUser="LWACHT" exportDateTime="01/07/2019 09:24 AM" description="export data record for SWADDLE"><standardChoice refId="1@StandardChoiceModel"><name>LICENSED PROFESSIONAL TYPE</name><serviceProviderCode>PARTNER</serviceProviderCode><auditModel><auditDate>2017-08-29T18:13:56.197-04:00</auditDate><auditID>DBATES</auditID><auditStatus>A</auditStatus></auditModel><description></description><standardChoiceValueModels><standardChoiceValue refId="2@StandardChoiceValueModel"><sequenceNBR>216304</sequenceNBR><serviceProviderCode>PARTNER</serviceProviderCode><auditModel><auditDate>2017-08-29T18:13:56.207-04:00</auditDate><auditID>DBATES</auditID><auditStatus>A</auditStatus></auditModel><description>Reference</description><standardChoiceName>LICENSED PROFESSIONAL TYPE</standardChoiceName><standardChoiceValueI18NModels/><value>Aluminum Structure</value></standardChoiceValue><standardChoiceValue refId="3@StandardChoiceValueModel"><sequenceNBR>216305</sequenceNBR><serviceProviderCode>PARTNER</serviceProviderCode><auditModel><auditDate>2017-08-29T18:13:56.213-04:00</auditDate><auditID>DBATES</auditID><auditStatus>A</auditStatus></auditModel><description>Reference</description><standardChoiceName>LICENSED PROFESSIONAL TYPE</standardChoiceName><standardChoiceValueI18NModels/><value>Asbestos Abatement</value></standardChoiceValue><standardChoiceValue refId="4@StandardChoiceValueModel"><sequenceNBR>216192</sequenceNBR><serviceProviderCode>PARTNER</serviceProviderCode><auditModel><auditDate>2017-08-29T18:13:56.217-04:00</auditDate><auditID>DBATES</auditID><auditStatus>A</auditStatus></auditModel><description>Reference</description><resId>11726</resId><standardChoiceName>LICENSED PROFESSIONAL TYPE</standardChoiceName><standardChoiceValueI18NModels/><value>Building Contractor</value></standardChoiceValue><standardChoiceValue refId="5@StandardChoiceValueModel"><sequenceNBR>216306</sequenceNBR><serviceProviderCode>PARTNER</serviceProviderCode><auditModel><auditDate>2017-08-29T18:13:56.223-04:00</auditDate><auditID>DBATES</auditID><auditStatus>A</auditStatus></auditModel><description>Reference</description><standardChoiceName>LICENSED PROFESSIONAL TYPE</standardChoiceName><standardChoiceValueI18NModels/><value>Carpentry</value></standardChoiceValue><standardChoiceValue refId="6@StandardChoiceValueModel"><sequenceNBR>216328</sequenceNBR><serviceProviderCode>PARTNER</serviceProviderCode><auditModel><auditDate>2017-08-29T18:13:56.230-04:00</auditDate><auditID>DBATES</auditID><auditStatus>A</auditStatus></auditModel><description>Reference</description><standardChoiceName>LICENSED PROFESSIONAL TYPE</standardChoiceName><standardChoiceValueI18NModels/><value>Certified Building Contractor</value></standardChoiceValue><standardChoiceValue refId="7@StandardChoiceValueModel"><sequenceNBR>216366</sequenceNBR><serviceProviderCode>PARTNER</serviceProviderCode><auditModel><auditDate>2017-08-29T18:13:56.233-04:00</auditDate><auditID>DBATES</auditID><auditStatus>A</auditStatus></auditModel><description>Reference</description><standardChoiceName>LICENSED PROFESSIONAL TYPE</standardChoiceName><standardChoiceValueI18NModels/><value>Certified Cell Tower Specialty Contractor</value></standardChoiceValue><standardChoiceValue refId="8@StandardChoiceValueModel"><sequenceNBR>216345</sequenceNBR><serviceProviderCode>PARTNER</serviceProviderCode><auditModel><auditDate>2017-08-29T18:13:56.240-04:00</auditDate><auditID>DBATES</auditID><auditStatus>A</auditStatus></auditModel><description>Reference</description><standardChoiceName>LICENSED PROFESSIONAL TYPE</standardChoiceName><standardChoiceValueI18NModels/><value>Certified Class A Air Conditioning Contractor</value></standardChoiceValue><standardChoiceValue refId="9@StandardChoiceValueModel"><sequenceNBR>216346</sequenceNBR><serviceProviderCode>PARTNER</serviceProviderCode><auditModel><auditDate>2017-08-29T18:13:56.247-04:00</auditDate><auditID>DBATES</auditID><auditStatus>A</auditStatus></auditModel><description>Reference</description><standardChoiceName>LICENSED PROFESSIONAL TYPE</standardChoiceName><standardChoiceValueI18NModels/><value>Certified Class B Air Conditioning Contractor</value></standardChoiceValue><standardChoiceValue refId="10@StandardChoiceValueModel"><sequenceNBR>216347</sequenceNBR><serviceProviderCode>PARTNER</serviceProviderCode><auditModel><auditDate>2017-08-29T18:13:56.250-04:00</auditDate><auditID>DBATES</auditID><auditStatus>A</auditStatus></auditModel><description>Reference</description><standardChoiceName>LICENSED PROFESSIONAL TYPE</standardChoiceName><standardChoiceValueI18NModels/><value>Certified Class C Air Conditioning Contractor</value></standardChoiceValue><standardChoiceValue refId="11@StandardChoiceValueModel"><sequenceNBR>216331</sequenceNBR><serviceProviderCode>PARTNER</serviceProviderCode><auditModel><auditDate>2017-08-29T18:13:56.277-04:00</auditDate><auditID>DBATES</auditID><auditStatus>A</auditStatus></auditModel><description>Reference</description><standardChoiceName>LICENSED PROFESSIONAL TYPE</standardChoiceName><standardChoiceValueI18NModels/><value>Certified Commercial Pool/Spa</value></standardChoiceValue><standardChoiceValue refId="12@StandardChoiceValueModel"><sequenceNBR>216368</sequenceNBR><serviceProviderCode>PARTNER</serviceProviderCode><auditModel><auditDate>2017-08-29T18:13:56.307-04:00</auditDate><auditID>DBATES</auditID><auditStatus>A</auditStatus></auditModel><description>Reference</description><standardChoiceName>LICENSED PROFESSIONAL TYPE</standardChoiceName><standardChoiceValueI18NModels/><value>Certified Contractor -Mobile Home Installation</value></standardChoiceValue><standardChoiceValue refId="13@StandardChoiceValueModel"><sequenceNBR>216369</sequenceNBR><serviceProviderCode>PARTNER</serviceProviderCode><auditModel><auditDate>2017-08-29T18:13:56.313-04:00</auditDate><auditID>DBATES</auditID><auditStatus>A</auditStatus></auditModel><description>Reference</description><standardChoiceName>LICENSED PROFESSIONAL TYPE</standardChoiceName><standardChoiceValueI18NModels/><value>Certified Contractor -Natural Gas Certified Contractor -LP Gas</value></standardChoiceValue><standardChoiceValue refId="14@StandardChoiceValueModel"><sequenceNBR>216370</sequenceNBR><serviceProviderCode>PARTNER</serviceProviderCode><auditModel><auditDate>2017-08-29T18:13:56.320-04:00</auditDate><auditID>DBATES</auditID><auditStatus>A</auditStatus></auditModel><description>Reference</description><standardChoiceName>LICENSED PROFESSIONAL TYPE</standardChoiceName><standardChoiceValueI18NModels/><value>Certified Contractor -Septic Tank</value></standardChoiceValue><standardChoiceValue refId="15@StandardChoiceValueModel"><sequenceNBR>216371</sequenceNBR><serviceProviderCode>PARTNER</serviceProviderCode><auditModel><auditDate>2017-08-29T18:13:56.323-04:00</auditDate><auditID>DBATES</auditID><auditStatus>A</auditStatus></auditModel><description>Reference</description><standardChoiceName>LICENSED PROFESSIONAL TYPE</standardChoiceName><standardChoiceValueI18NModels/><value>Certified Contractor -Storm Sewer</value></standardChoiceValue><standardChoiceValue refId="16@StandardChoiceValueModel"><sequenceNBR>216372</sequenceNBR><serviceProviderCode>PARTNER</serviceProviderCode><auditModel><auditDate>2017-08-29T18:13:56.330-04:00</auditDate><auditID>DBATES</auditID><auditStatus>A</auditStatus></auditModel><description>Reference</description><standardChoiceName>LICENSED PROFESSIONAL TYPE</standardChoiceName><standardChoiceValueI18NModels/><value>Certified Contractor -Well Driller</value></standardChoiceValue><standardChoiceValue refId="17@StandardChoiceValueModel"><sequenceNBR>216334</sequenceNBR><serviceProviderCode>PARTNER</serviceProviderCode><auditModel><auditDate>2017-08-29T18:13:56.340-04:00</auditDate><auditID>DBATES</auditID><auditStatus>A</auditStatus></auditModel><description>Reference</description><standardChoiceName>LICENSED PROFESSIONAL TYPE</standardChoiceName><standardChoiceValueI18NModels/><value>Certified Electrical Contr. -Lighting Maintenance Certified Spec. Electrical Contr. -Elevator</value></standardChoiceValue><standardChoiceValue refId="18@StandardChoiceValueModel"><sequenceNBR>216340</sequenceNBR><serviceProviderCode>PARTNER</serviceProviderCode><auditModel><auditDate>2017-08-29T18:13:56.353-04:00</auditDate><auditID>DBATES</auditID><auditStatus>A</auditStatus></auditModel><description>Reference</description><standardChoiceName>LICENSED PROFESSIONAL TYPE</standardChoiceName><standardChoiceValueI18NModels/><value>Certified Electrical Contr. -Low Voltage System</value></standardChoiceValue><standardChoiceValue refId="19@StandardChoiceValueModel"><sequenceNBR>216333</sequenceNBR><serviceProviderCode>PARTNER</serviceProviderCode><auditModel><auditDate>2017-08-29T18:13:56.383-04:00</auditDate><auditID>DBATES</auditID><auditStatus>A</auditStatus></auditModel><description>Reference</description><standardChoiceName>LICENSED PROFESSIONAL TYPE</standardChoiceName><standardChoiceValueI18NModels/><value>Certified Electrical Contractor</value></standardChoiceValue><standardChoiceValue refId="20@StandardChoiceValueModel"><sequenceNBR>216341</sequenceNBR><serviceProviderCode>PARTNER</serviceProviderCode><auditModel><auditDate>2017-08-29T18:13:56.400-04:00</auditDate><auditID>DBATES</auditID><auditStatus>A</auditStatus></auditModel><description>Reference</description><standardChoiceName>LICENSED PROFESSIONAL TYPE</standardChoiceName><standardChoiceValueI18NModels/><value>Certified Electrical Contractor -Alarm System I</value></standardChoiceValue><standardChoiceValue refId="21@StandardChoiceValueModel"><sequenceNBR>216342</sequenceNBR><serviceProviderCode>PARTNER</serviceProviderCode><auditModel><auditDate>2017-08-29T18:13:56.423-04:00</auditDate><auditID>DBATES</auditID><auditStatus>A</auditStatus></auditModel><description>Reference</description><standardChoiceName>LICENSED PROFESSIONAL TYPE</standardChoiceName><standardChoiceValueI18NModels/><value>Certified Electrical Contractor -Alarm system II</value></standardChoiceValue><standardChoiceValue refId="22@StandardChoiceValueModel"><sequenceNBR>216339</sequenceNBR><serviceProviderCode>PARTNER</serviceProviderCode><auditModel><auditDate>2017-08-29T18:13:56.453-04:00</auditDate><auditID>DBATES</auditID><auditStatus>A</auditStatus></auditModel><description>Reference</description><standardChoiceName>LICENSED PROFESSIONAL TYPE</standardChoiceName><standardChoiceValueI18NModels/><value>Certified Electrical Contractor -Residential</value></standardChoiceValue><standardChoiceValue refId="23@StandardChoiceValueModel"><sequenceNBR>216358</sequenceNBR><serviceProviderCode>PARTNER</serviceProviderCode><auditModel><auditDate>2017-08-29T18:13:56.483-04:00</auditDate><auditID>DBATES</auditID><auditStatus>A</auditStatus></auditModel><description>Reference</description><standardChoiceName>LICENSED PROFESSIONAL TYPE</standardChoiceName><standardChoiceValueI18NModels/><value>Certified Fire Protection Contractor -Fire Exting. Class A</value></standardChoiceValue><standardChoiceValue refId="24@StandardChoiceValueModel"><sequenceNBR>216359</sequenceNBR><serviceProviderCode>PARTNER</serviceProviderCode><auditModel><auditDate>2017-08-29T18:13:56.510-04:00</auditDate><auditID>DBATES</auditID><auditStatus>A</auditStatus></auditModel><description>Reference</description><standardChoiceName>LICENSED PROFESSIONAL TYPE</standardChoiceName><standardChoiceValueI18NModels/><value>Certified Fire Protection Contractor -Fire Exting. Class B</value></standardChoiceValue><standardChoiceValue refId="25@StandardChoiceValueModel"><sequenceNBR>216360</sequenceNBR><serviceProviderCode>PARTNER</serviceProviderCode><auditModel><auditDate>2017-08-29T18:13:56.537-04:00</auditDate><auditID>DBATES</auditID><auditStatus>A</auditStatus></auditModel><description>Reference</description><standardChoiceName>LICENSED PROFESSIONAL TYPE</standardChoiceName><standardChoiceValueI18NModels/><value>Certified Fire Protection Contractor -Fire Exting. Class C</value></standardChoiceValue><standardChoiceValue refId="26@StandardChoiceValueModel"><sequenceNBR>216361</sequenceNBR><serviceProviderCode>PARTNER</serviceProviderCode><auditModel><auditDate>2017-08-29T18:13:56.567-04:00</auditDate><auditID>DBATES</auditID><auditStatus>A</auditStatus></auditModel><description>Reference</description><standardChoiceName>LICENSED PROFESSIONAL TYPE</standardChoiceName><standardChoiceValueI18NModels/><value>Certified Fire Protection Contractor -Fire Exting. Class D</value></standardChoiceValue><standardChoiceValue refId="27@StandardChoiceValueModel"><sequenceNBR>216353</sequenceNBR><serviceProviderCode>PARTNER</serviceProviderCode><auditModel><auditDate>2017-08-29T18:13:56.597-04:00</auditDate><auditID>DBATES</auditID><auditStatus>A</auditStatus></auditModel><description>Reference</description><standardChoiceName>LICENSED PROFESSIONAL TYPE</standardChoiceName><standardChoiceValueI18NModels/><value>Certified Fire Protection Contractor I</value></standardChoiceValue><standardChoiceValue refId="28@StandardChoiceValueModel"><sequenceNBR>216354</sequenceNBR><serviceProviderCode>PARTNER</serviceProviderCode><auditModel><auditDate>2017-08-29T18:13:56.640-04:00</auditDate><auditID>DBATES</auditID><auditStatus>A</auditStatus></auditModel><description>Reference</description><standardChoiceName>LICENSED PROFESSIONAL TYPE</standardChoiceName><standardChoiceValueI18NModels/><value>Certified Fire Protection Contractor II</value></standardChoiceValue><standardChoiceValue refId="29@StandardChoiceValueModel"><sequenceNBR>216355</sequenceNBR><serviceProviderCode>PARTNER</serviceProviderCode><auditModel><auditDate>2017-08-29T18:13:56.663-04:00</auditDate><auditID>DBATES</auditID><auditStatus>A</auditStatus></auditModel><description>Reference</description><standardChoiceName>LICENSED PROFESSIONAL TYPE</standardChoiceName><standardChoiceValueI18NModels/><value>Certified Fire Protection Contractor III</value></standardChoiceValue><standardChoiceValue refId="30@StandardChoiceValueModel"><sequenceNBR>216356</sequenceNBR><serviceProviderCode>PARTNER</serviceProviderCode><auditModel><auditDate>2017-08-29T18:13:56.690-04:00</auditDate><auditID>DBATES</auditID><auditStatus>A</auditStatus></auditModel><description>Reference</description><standardChoiceName>LICENSED PROFESSIONAL TYPE</standardChoiceName><standardChoiceValueI18NModels/><value>Certified Fire Protection Contractor IV</value></standardChoiceValue><standardChoiceValue refId="31@StandardChoiceValueModel"><sequenceNBR>216357</sequenceNBR><serviceProviderCode>PARTNER</serviceProviderCode><auditModel><auditDate>2017-08-29T18:13:56.713-04:00</auditDate><auditID>DBATES</auditID><auditStatus>A</auditStatus></auditModel><description>Reference</description><standardChoiceName>LICENSED PROFESSIONAL TYPE</standardChoiceName><standardChoiceValueI18NModels/><value>Certified Fire Protection Contractor V</value></standardChoiceValue><standardChoiceValue refId="32@StandardChoiceValueModel"><sequenceNBR>216327</sequenceNBR><serviceProviderCode>PARTNER</serviceProviderCode><auditModel><auditDate>2017-08-29T18:13:56.740-04:00</auditDate><auditID>DBATES</auditID><auditStatus>A</auditStatus></auditModel><description>Reference</description><standardChoiceName>LICENSED PROFESSIONAL TYPE</standardChoiceName><standardChoiceValueI18NModels/><value>Certified General Contractor</value></standardChoiceValue><standardChoiceValue refId="33@StandardChoiceValueModel"><sequenceNBR>216364</sequenceNBR><serviceProviderCode>PARTNER</serviceProviderCode><auditModel><auditDate>2017-08-29T18:13:56.763-04:00</auditDate><auditID>DBATES</auditID><auditStatus>A</auditStatus></auditModel><description>Reference</description><standardChoiceName>LICENSED PROFESSIONAL TYPE</standardChoiceName><standardChoiceValueI18NModels/><value>Certified Gypsum Drywall Specialty Contractor</value></standardChoiceValue><standardChoiceValue refId="34@StandardChoiceValueModel"><sequenceNBR>216363</sequenceNBR><serviceProviderCode>PARTNER</serviceProviderCode><auditModel><auditDate>2017-08-29T18:13:56.793-04:00</auditDate><auditID>DBATES</auditID><auditStatus>A</auditStatus></auditModel><description>Reference</description><standardChoiceName>LICENSED PROFESSIONAL TYPE</standardChoiceName><standardChoiceValueI18NModels/><value>Certified LP Gas Contractor</value></standardChoiceValue><standardChoiceValue refId="35@StandardChoiceValueModel"><sequenceNBR>216344</sequenceNBR><serviceProviderCode>PARTNER</serviceProviderCode><auditModel><auditDate>2017-08-29T18:13:56.820-04:00</auditDate><auditID>DBATES</auditID><auditStatus>A</auditStatus></auditModel><description>Reference</description><standardChoiceName>LICENSED PROFESSIONAL TYPE</standardChoiceName><standardChoiceValueI18NModels/><value>Certified Mechanical Contractor</value></standardChoiceValue><standardChoiceValue refId="36@StandardChoiceValueModel"><sequenceNBR>216343</sequenceNBR><serviceProviderCode>PARTNER</serviceProviderCode><auditModel><auditDate>2017-08-29T18:13:56.893-04:00</auditDate><auditID>DBATES</auditID><auditStatus>A</auditStatus></auditModel><description>Reference</description><standardChoiceName>LICENSED PROFESSIONAL TYPE</standardChoiceName><standardChoiceValueI18NModels/><value>Certified Plumbing Contractor</value></standardChoiceValue><standardChoiceValue refId="37@StandardChoiceValueModel"><sequenceNBR>216351</sequenceNBR><serviceProviderCode>PARTNER</serviceProviderCode><auditModel><auditDate>2017-08-29T18:13:56.927-04:00</auditDate><auditID>DBATES</auditID><auditStatus>A</auditStatus></auditModel><description>Reference</description><standardChoiceName>LICENSED PROFESSIONAL TYPE</standardChoiceName><standardChoiceValueI18NModels/><value>Certified Pollutant Storage Systems Contractor</value></standardChoiceValue><standardChoiceValue refId="38@StandardChoiceValueModel"><sequenceNBR>216329</sequenceNBR><serviceProviderCode>PARTNER</serviceProviderCode><auditModel><auditDate>2017-08-29T18:13:56.970-04:00</auditDate><auditID>DBATES</auditID><auditStatus>A</auditStatus></auditModel><description>Reference</description><standardChoiceName>LICENSED PROFESSIONAL TYPE</standardChoiceName><standardChoiceValueI18NModels/><value>Certified Residential Contractor</value></standardChoiceValue><standardChoiceValue refId="39@StandardChoiceValueModel"><sequenceNBR>216332</sequenceNBR><serviceProviderCode>PARTNER</serviceProviderCode><auditModel><auditDate>2017-08-29T18:13:57-04:00</auditDate><auditID>DBATES</auditID><auditStatus>A</auditStatus></auditModel><description>Reference</description><standardChoiceName>LICENSED PROFESSIONAL TYPE</standardChoiceName><standardChoiceValueI18NModels/><value>Certified Residential Pool/Spa</value></standardChoiceValue><standardChoiceValue refId="40@StandardChoiceValueModel"><sequenceNBR>216350</sequenceNBR><serviceProviderCode>PARTNER</serviceProviderCode><auditModel><auditDate>2017-08-29T18:13:57.027-04:00</auditDate><auditID>DBATES</auditID><auditStatus>A</auditStatus></auditModel><description>Reference</description><standardChoiceName>LICENSED PROFESSIONAL TYPE</standardChoiceName><standardChoiceValueI18NModels/><value>Certified Roofing Contractor</value></standardChoiceValue><standardChoiceValue refId="41@StandardChoiceValueModel"><sequenceNBR>216330</sequenceNBR><serviceProviderCode>PARTNER</serviceProviderCode><auditModel><auditDate>2017-08-29T18:13:57.053-04:00</auditDate><auditID>DBATES</auditID><auditStatus>A</auditStatus></auditModel><description>Reference</description><standardChoiceName>LICENSED PROFESSIONAL TYPE</standardChoiceName><standardChoiceValueI18NModels/><value>Certified Sheet Metal (Mechanical Contr.)</value></standardChoiceValue><standardChoiceValue refId="42@StandardChoiceValueModel"><sequenceNBR>216352</sequenceNBR><serviceProviderCode>PARTNER</serviceProviderCode><auditModel><auditDate>2017-08-29T18:13:57.083-04:00</auditDate><auditID>DBATES</auditID><auditStatus>A</auditStatus></auditModel><description>Reference</description><standardChoiceName>LICENSED PROFESSIONAL TYPE</standardChoiceName><standardChoiceValueI18NModels/><value>Certified Sp Contr. -Residential Solar Water Heating (Mechanical Contr.)</value></standardChoiceValue><standardChoiceValue refId="43@StandardChoiceValueModel"><sequenceNBR>216367</sequenceNBR><serviceProviderCode>PARTNER</serviceProviderCode><auditModel><auditDate>2017-08-29T18:13:57.103-04:00</auditDate><auditID>DBATES</auditID><auditStatus>A</auditStatus></auditModel><description>Reference</description><standardChoiceName>LICENSED PROFESSIONAL TYPE</standardChoiceName><standardChoiceValueI18NModels/><value>Certified Specialty Contractor -Asbestos Abatement</value></standardChoiceValue><standardChoiceValue refId="44@StandardChoiceValueModel"><sequenceNBR>216365</sequenceNBR><serviceProviderCode>PARTNER</serviceProviderCode><auditModel><auditDate>2017-08-29T18:13:57.130-04:00</auditDate><auditID>DBATES</auditID><auditStatus>A</auditStatus></auditModel><description>Reference</description><standardChoiceName>LICENSED PROFESSIONAL TYPE</standardChoiceName><standardChoiceValueI18NModels/><value>Certified Specialty Structure Contractor (Aluminum)</value></standardChoiceValue><standardChoiceValue refId="45@StandardChoiceValueModel"><sequenceNBR>216349</sequenceNBR><serviceProviderCode>PARTNER</serviceProviderCode><auditModel><auditDate>2017-08-29T18:13:57.157-04:00</auditDate><auditID>DBATES</auditID><auditStatus>A</auditStatus></auditModel><description>Reference</description><standardChoiceName>LICENSED PROFESSIONAL TYPE</standardChoiceName><standardChoiceValueI18NModels/><value>Certified Swimming Pool/Spa Servicing Contractor</value></standardChoiceValue><standardChoiceValue refId="46@StandardChoiceValueModel"><sequenceNBR>216373</sequenceNBR><serviceProviderCode>PARTNER</serviceProviderCode><auditModel><auditDate>2017-08-29T18:13:57.187-04:00</auditDate><auditID>DBATES</auditID><auditStatus>A</auditStatus></auditModel><description>Reference</description><standardChoiceName>LICENSED PROFESSIONAL TYPE</standardChoiceName><standardChoiceValueI18NModels/><value>Certified Traditional Thatch Structures</value></standardChoiceValue><standardChoiceValue refId="47@StandardChoiceValueModel"><sequenceNBR>216362</sequenceNBR><serviceProviderCode>PARTNER</serviceProviderCode><auditModel><auditDate>2017-08-29T18:13:57.213-04:00</auditDate><auditID>DBATES</auditID><auditStatus>A</auditStatus></auditModel><description>Reference</description><standardChoiceName>LICENSED PROFESSIONAL TYPE</standardChoiceName><standardChoiceValueI18NModels/><value>Certified Underground Utility &amp; Excavation Contractor</value></standardChoiceValue><standardChoiceValue refId="48@StandardChoiceValueModel"><sequenceNBR>216336</sequenceNBR><serviceProviderCode>PARTNER</serviceProviderCode><auditModel><auditDate>2017-08-29T18:13:57.240-04:00</auditDate><auditID>DBATES</auditID><auditStatus>A</auditStatus></auditModel><description>Reference</description><standardChoiceName>LICENSED PROFESSIONAL TYPE</standardChoiceName><standardChoiceValueI18NModels/><value>Certified Utility Line Electrical Contractor</value></standardChoiceValue><standardChoiceValue refId="49@StandardChoiceValueModel"><sequenceNBR>216335</sequenceNBR><serviceProviderCode>PARTNER</serviceProviderCode><auditModel><auditDate>2017-08-29T18:13:57.287-04:00</auditDate><auditID>DBATES</auditID><auditStatus>A</auditStatus></auditModel><description>Reference</description><standardChoiceName>LICENSED PROFESSIONAL TYPE</standardChoiceName><standardChoiceValueI18NModels/><value>Certified. Electrical Contr. -Electrical Outdoor Sign</value></standardChoiceValue><standardChoiceValue refId="50@StandardChoiceValueModel"><sequenceNBR>216307</sequenceNBR><serviceProviderCode>PARTNER</serviceProviderCode><auditModel><auditDate>2017-08-29T18:13:57.317-04:00</auditDate><auditID>DBATES</auditID><auditStatus>A</auditStatus></auditModel><description>Reference</description><standardChoiceName>LICENSED PROFESSIONAL TYPE</standardChoiceName><standardChoiceValueI18NModels/><value>Concrete</value></standardChoiceValue><standardChoiceValue refId="51@StandardChoiceValueModel"><sequenceNBR>216308</sequenceNBR><serviceProviderCode>PARTNER</serviceProviderCode><auditModel><auditDate>2017-08-29T18:13:57.343-04:00</auditDate><auditID>DBATES</auditID><auditStatus>A</auditStatus></auditModel><description>Reference</description><standardChoiceName>LICENSED PROFESSIONAL TYPE</standardChoiceName><standardChoiceValueI18NModels/><value>Concrete and Masonry</value></standardChoiceValue><standardChoiceValue refId="52@StandardChoiceValueModel"><sequenceNBR>216309</sequenceNBR><serviceProviderCode>PARTNER</serviceProviderCode><auditModel><auditDate>2017-08-29T18:13:57.370-04:00</auditDate><auditID>DBATES</auditID><auditStatus>A</auditStatus></auditModel><description>Reference</description><standardChoiceName>LICENSED PROFESSIONAL TYPE</standardChoiceName><standardChoiceValueI18NModels/><value>Demolition</value></standardChoiceValue><standardChoiceValue refId="53@StandardChoiceValueModel"><sequenceNBR>216310</sequenceNBR><serviceProviderCode>PARTNER</serviceProviderCode><auditModel><auditDate>2017-08-29T18:13:57.397-04:00</auditDate><auditID>DBATES</auditID><auditStatus>A</auditStatus></auditModel><description>Reference</description><standardChoiceName>LICENSED PROFESSIONAL TYPE</standardChoiceName><standardChoiceValueI18NModels/><value>Drywall</value></standardChoiceValue><standardChoiceValue refId="54@StandardChoiceValueModel"><sequenceNBR>216311</sequenceNBR><serviceProviderCode>PARTNER</serviceProviderCode><auditModel><auditDate>2017-08-29T18:13:57.430-04:00</auditDate><auditID>DBATES</auditID><auditStatus>A</auditStatus></auditModel><description>Reference</description><standardChoiceName>LICENSED PROFESSIONAL TYPE</standardChoiceName><standardChoiceValueI18NModels/><value>Garage Door Installation</value></standardChoiceValue><standardChoiceValue refId="55@StandardChoiceValueModel"><sequenceNBR>216190</sequenceNBR><serviceProviderCode>PARTNER</serviceProviderCode><auditModel><auditDate>2017-08-29T18:13:57.460-04:00</auditDate><auditID>DBATES</auditID><auditStatus>A</auditStatus></auditModel><description>Reference</description><resId>11725</resId><standardChoiceName>LICENSED PROFESSIONAL TYPE</standardChoiceName><standardChoiceValueI18NModels/><value>General Contractor</value></standardChoiceValue><standardChoiceValue refId="56@StandardChoiceValueModel"><sequenceNBR>216312</sequenceNBR><serviceProviderCode>PARTNER</serviceProviderCode><auditModel><auditDate>2017-08-29T18:13:57.480-04:00</auditDate><auditID>DBATES</auditID><auditStatus>A</auditStatus></auditModel><description>Reference</description><standardChoiceName>LICENSED PROFESSIONAL TYPE</standardChoiceName><standardChoiceValueI18NModels/><value>Glass &amp; Glazing</value></standardChoiceValue><standardChoiceValue refId="57@StandardChoiceValueModel"><sequenceNBR>216313</sequenceNBR><serviceProviderCode>PARTNER</serviceProviderCode><auditModel><auditDate>2017-08-29T18:13:57.483-04:00</auditDate><auditID>DBATES</auditID><auditStatus>A</auditStatus></auditModel><description>Reference</description><standardChoiceName>LICENSED PROFESSIONAL TYPE</standardChoiceName><standardChoiceValueI18NModels/><value>Hurricane Shutters</value></standardChoiceValue><standardChoiceValue refId="58@StandardChoiceValueModel"><sequenceNBR>216314</sequenceNBR><serviceProviderCode>PARTNER</serviceProviderCode><auditModel><auditDate>2017-08-29T18:13:57.490-04:00</auditDate><auditID>DBATES</auditID><auditStatus>A</auditStatus></auditModel><description>Reference</description><standardChoiceName>LICENSED PROFESSIONAL TYPE</standardChoiceName><standardChoiceValueI18NModels/><value>Insulation</value></standardChoiceValue><standardChoiceValue refId="59@StandardChoiceValueModel"><sequenceNBR>216200</sequenceNBR><serviceProviderCode>PARTNER</serviceProviderCode><auditModel><auditDate>2017-08-29T18:13:57.493-04:00</auditDate><auditID>DBATES</auditID><auditStatus>A</auditStatus></auditModel><description>Reference</description><resId>11731</resId><standardChoiceName>LICENSED PROFESSIONAL TYPE</standardChoiceName><standardChoiceValueI18NModels/><value>Marine Contractor</value></standardChoiceValue><standardChoiceValue refId="60@StandardChoiceValueModel"><sequenceNBR>216315</sequenceNBR><serviceProviderCode>PARTNER</serviceProviderCode><auditModel><auditDate>2017-08-29T18:13:57.500-04:00</auditDate><auditID>DBATES</auditID><auditStatus>A</auditStatus></auditModel><description>Reference</description><standardChoiceName>LICENSED PROFESSIONAL TYPE</standardChoiceName><standardChoiceValueI18NModels/><value>Masonry</value></standardChoiceValue><standardChoiceValue refId="61@StandardChoiceValueModel"><sequenceNBR>216374</sequenceNBR><serviceProviderCode>PARTNER</serviceProviderCode><auditModel><auditDate>2017-08-29T18:13:57.507-04:00</auditDate><auditID>DBATES</auditID><auditStatus>A</auditStatus></auditModel><description>Reference</description><standardChoiceName>LICENSED PROFESSIONAL TYPE</standardChoiceName><standardChoiceValueI18NModels/><value>Other License Type</value></standardChoiceValue><standardChoiceValue refId="62@StandardChoiceValueModel"><sequenceNBR>216316</sequenceNBR><serviceProviderCode>PARTNER</serviceProviderCode><auditModel><auditDate>2017-08-29T18:13:57.510-04:00</auditDate><auditID>DBATES</auditID><auditStatus>A</auditStatus></auditModel><description>Reference</description><standardChoiceName>LICENSED PROFESSIONAL TYPE</standardChoiceName><standardChoiceValueI18NModels/><value>Painting</value></standardChoiceValue><standardChoiceValue refId="63@StandardChoiceValueModel"><sequenceNBR>216317</sequenceNBR><serviceProviderCode>PARTNER</serviceProviderCode><auditModel><auditDate>2017-08-29T18:13:57.517-04:00</auditDate><auditID>DBATES</auditID><auditStatus>A</auditStatus></auditModel><description>Reference</description><standardChoiceName>LICENSED PROFESSIONAL TYPE</standardChoiceName><standardChoiceValueI18NModels/><value>Paving</value></standardChoiceValue><standardChoiceValue refId="64@StandardChoiceValueModel"><sequenceNBR>216318</sequenceNBR><serviceProviderCode>PARTNER</serviceProviderCode><auditModel><auditDate>2017-08-29T18:13:57.520-04:00</auditDate><auditID>DBATES</auditID><auditStatus>A</auditStatus></auditModel><description>Reference</description><standardChoiceName>LICENSED PROFESSIONAL TYPE</standardChoiceName><standardChoiceValueI18NModels/><value>Pile Driving</value></standardChoiceValue><standardChoiceValue refId="65@StandardChoiceValueModel"><sequenceNBR>216319</sequenceNBR><serviceProviderCode>PARTNER</serviceProviderCode><auditModel><auditDate>2017-08-29T18:13:57.527-04:00</auditDate><auditID>DBATES</auditID><auditStatus>A</auditStatus></auditModel><description>Reference</description><standardChoiceName>LICENSED PROFESSIONAL TYPE</standardChoiceName><standardChoiceValueI18NModels/><value>Plaster &amp; Stucco</value></standardChoiceValue><standardChoiceValue refId="66@StandardChoiceValueModel"><sequenceNBR>216196</sequenceNBR><serviceProviderCode>PARTNER</serviceProviderCode><auditModel><auditDate>2017-08-29T18:13:57.530-04:00</auditDate><auditID>DBATES</auditID><auditStatus>A</auditStatus></auditModel><description>Reference</description><resId>11729</resId><standardChoiceName>LICENSED PROFESSIONAL TYPE</standardChoiceName><standardChoiceValueI18NModels/><value>Pool &amp; Spa Residential &amp; Commercial</value></standardChoiceValue><standardChoiceValue refId="67@StandardChoiceValueModel"><sequenceNBR>216320</sequenceNBR><serviceProviderCode>PARTNER</serviceProviderCode><auditModel><auditDate>2017-08-29T18:13:57.537-04:00</auditDate><auditID>DBATES</auditID><auditStatus>A</auditStatus></auditModel><description>Reference</description><standardChoiceName>LICENSED PROFESSIONAL TYPE</standardChoiceName><standardChoiceValueI18NModels/><value>Pool &amp; Spa Svc. Maintenance</value></standardChoiceValue><standardChoiceValue refId="68@StandardChoiceValueModel"><sequenceNBR>216194</sequenceNBR><serviceProviderCode>PARTNER</serviceProviderCode><auditModel><auditDate>2017-08-29T18:13:57.543-04:00</auditDate><auditID>DBATES</auditID><auditStatus>A</auditStatus></auditModel><description>Reference</description><resId>11728</resId><standardChoiceName>LICENSED PROFESSIONAL TYPE</standardChoiceName><standardChoiceValueI18NModels/><value>Residential Contractor</value></standardChoiceValue><standardChoiceValue refId="69@StandardChoiceValueModel"><sequenceNBR>216198</sequenceNBR><serviceProviderCode>PARTNER</serviceProviderCode><auditModel><auditDate>2017-08-29T18:13:57.547-04:00</auditDate><auditID>DBATES</auditID><auditStatus>A</auditStatus></auditModel><description>Reference</description><resId>11730</resId><standardChoiceName>LICENSED PROFESSIONAL TYPE</standardChoiceName><standardChoiceValueI18NModels/><value>Roofing Contractor</value></standardChoiceValue><standardChoiceValue refId="70@StandardChoiceValueModel"><sequenceNBR>216321</sequenceNBR><serviceProviderCode>PARTNER</serviceProviderCode><auditModel><auditDate>2017-08-29T18:13:57.553-04:00</auditDate><auditID>DBATES</auditID><auditStatus>A</auditStatus></auditModel><description>Reference</description><standardChoiceName>LICENSED PROFESSIONAL TYPE</standardChoiceName><standardChoiceValueI18NModels/><value>Siding, Windows &amp; Doors</value></standardChoiceValue><standardChoiceValue refId="71@StandardChoiceValueModel"><sequenceNBR>216322</sequenceNBR><serviceProviderCode>PARTNER</serviceProviderCode><auditModel><auditDate>2017-08-29T18:13:57.570-04:00</auditDate><auditID>DBATES</auditID><auditStatus>A</auditStatus></auditModel><description>Reference</description><standardChoiceName>LICENSED PROFESSIONAL TYPE</standardChoiceName><standardChoiceValueI18NModels/><value>Signs, non-electric</value></standardChoiceValue><standardChoiceValue refId="72@StandardChoiceValueModel"><sequenceNBR>216323</sequenceNBR><serviceProviderCode>PARTNER</serviceProviderCode><auditModel><auditDate>2017-08-29T18:13:57.610-04:00</auditDate><auditID>DBATES</auditID><auditStatus>A</auditStatus></auditModel><description>Reference</description><standardChoiceName>LICENSED PROFESSIONAL TYPE</standardChoiceName><standardChoiceValueI18NModels/><value>Structural Moving</value></standardChoiceValue><standardChoiceValue refId="73@StandardChoiceValueModel"><sequenceNBR>216324</sequenceNBR><serviceProviderCode>PARTNER</serviceProviderCode><auditModel><auditDate>2017-08-29T18:13:57.640-04:00</auditDate><auditID>DBATES</auditID><auditStatus>A</auditStatus></auditModel><description>Reference</description><standardChoiceName>LICENSED PROFESSIONAL TYPE</standardChoiceName><standardChoiceValueI18NModels/><value>Structural Steel</value></standardChoiceValue><standardChoiceValue refId="74@StandardChoiceValueModel"><sequenceNBR>216325</sequenceNBR><serviceProviderCode>PARTNER</serviceProviderCode><auditModel><auditDate>2017-08-29T18:13:57.667-04:00</auditDate><auditID>DBATES</auditID><auditStatus>A</auditStatus></auditModel><description>Reference</description><standardChoiceName>LICENSED PROFESSIONAL TYPE</standardChoiceName><standardChoiceValueI18NModels/><value>Tile &amp; Marble</value></standardChoiceValue><standardChoiceValue refId="75@StandardChoiceValueModel"><sequenceNBR>216755</sequenceNBR><serviceProviderCode>PARTNER</serviceProviderCode><auditModel><auditDate>2017-08-29T18:13:57.693-04:00</auditDate><auditID>DBATES</auditID><auditStatus>A</auditStatus></auditModel><description>Reference</description><standardChoiceName>LICENSED PROFESSIONAL TYPE</standardChoiceName><standardChoiceValueI18NModels/><value>Utility Company</value></standardChoiceValue><standardChoiceValue refId="76@StandardChoiceValueModel"><sequenceNBR>216326</sequenceNBR><serviceProviderCode>PARTNER</serviceProviderCode><auditModel><auditDate>2017-08-29T18:13:57.720-04:00</auditDate><auditID>DBATES</auditID><auditStatus>A</auditStatus></auditModel><description>Reference</description><standardChoiceName>LICENSED PROFESSIONAL TYPE</standardChoiceName><standardChoiceValueI18NModels/><value>Waterproofing, Guniting &amp; Sandblasting</value></standardChoiceValue></standardChoiceValueModels><type>SystemSwitch</type><valueSize>0</valueSize></standardChoice>
<standardChoice refId="1@StandardChoiceModel"><name>DEFAULT_CLONE_OPTIONS</name><serviceProviderCode>PARTNER</serviceProviderCode><auditModel><auditDate>2017-03-02T21:07:35.110-05:00</auditDate><auditID>HCHANDRA</auditID><auditStatus>A</auditStatus></auditModel><standardChoiceValueModels><standardChoiceValue refId="2@StandardChoiceValueModel"><sequenceNBR>202819</sequenceNBR><serviceProviderCode>PARTNER</serviceProviderCode><auditModel><auditDate>2017-03-02T21:09:35.573-05:00</auditDate><auditID>HCHANDRA</auditID><auditStatus>A</auditStatus></auditModel><description>{}</description><sortOrder>0</sortOrder><standardChoiceName>DEFAULT_CLONE_OPTIONS</standardChoiceName><standardChoiceValueI18NModels/><value>Enforcement/Payment/CONNOL I2I/NA</value></standardChoiceValue></standardChoiceValueModels></standardChoice>
<standardChoice refId="1@StandardChoiceModel"><name>EXPIRATION_INTERVAL_UNITS</name><serviceProviderCode>PARTNER</serviceProviderCode><auditModel><auditDate>2013-02-19T15:13:37-05:00</auditDate><auditID>ADIAZ</auditID><auditStatus>A</auditStatus></auditModel><standardChoiceValueModels><standardChoiceValue refId="2@StandardChoiceValueModel"><sequenceNBR>199945</sequenceNBR><serviceProviderCode>PARTNER</serviceProviderCode><auditModel><auditDate>2013-02-19T15:13:37-05:00</auditDate><auditID>ADIAZ</auditID><auditStatus>A</auditStatus></auditModel><standardChoiceName>EXPIRATION_INTERVAL_UNITS</standardChoiceName><standardChoiceValueI18NModels/><value>Days</value></standardChoiceValue><standardChoiceValue refId="3@StandardChoiceValueModel"><sequenceNBR>199946</sequenceNBR><serviceProviderCode>PARTNER</serviceProviderCode><auditModel><auditDate>2013-02-19T15:13:37-05:00</auditDate><auditID>ADIAZ</auditID><auditStatus>A</auditStatus></auditModel><standardChoiceName>EXPIRATION_INTERVAL_UNITS</standardChoiceName><standardChoiceValueI18NModels/><value>Months</value></standardChoiceValue></standardChoiceValueModels><type>SystemSwitch</type><valueSize>0</valueSize></standardChoice>
<standardChoice refId="1@StandardChoiceModel"><name>GRACE_PERIOD_INTERVAL_UNITS</name><serviceProviderCode>PARTNER</serviceProviderCode><auditModel><auditDate>2013-12-30T18:25:23-05:00</auditDate><auditID>ADIAZ</auditID><auditStatus>A</auditStatus></auditModel><standardChoiceValueModels><standardChoiceValue refId="2@StandardChoiceValueModel"><sequenceNBR>199998</sequenceNBR><serviceProviderCode>PARTNER</serviceProviderCode><auditModel><auditDate>2013-12-30T18:25:23-05:00</auditDate><auditID>ADIAZ</auditID><auditStatus>A</auditStatus></auditModel><standardChoiceName>GRACE_PERIOD_INTERVAL_UNITS</standardChoiceName><standardChoiceValueI18NModels/><value>Days</value></standardChoiceValue><standardChoiceValue refId="3@StandardChoiceValueModel"><sequenceNBR>199999</sequenceNBR><serviceProviderCode>PARTNER</serviceProviderCode><auditModel><auditDate>2013-12-30T18:25:23-05:00</auditDate><auditID>ADIAZ</auditID><auditStatus>A</auditStatus></auditModel><standardChoiceName>GRACE_PERIOD_INTERVAL_UNITS</standardChoiceName><standardChoiceValueI18NModels/><value>Months</value></standardChoiceValue><standardChoiceValue refId="4@StandardChoiceValueModel"><sequenceNBR>200000</sequenceNBR><serviceProviderCode>PARTNER</serviceProviderCode><auditModel><auditDate>2013-12-30T18:25:23-05:00</auditDate><auditID>ADIAZ</auditID><auditStatus>A</auditStatus></auditModel><standardChoiceName>GRACE_PERIOD_INTERVAL_UNITS</standardChoiceName><standardChoiceValueI18NModels/><value>Years</value></standardChoiceValue></standardChoiceValueModels><type>SystemSwitch</type><valueSize>0</valueSize></standardChoice>
<standardChoice refId="1@StandardChoiceModel"><name>PENALTY_INTERVAL_UNITS</name><serviceProviderCode>PARTNER</serviceProviderCode><auditModel><auditDate>2013-12-30T18:25:58-05:00</auditDate><auditID>ADIAZ</auditID><auditStatus>A</auditStatus></auditModel><standardChoiceValueModels><standardChoiceValue refId="2@StandardChoiceValueModel"><sequenceNBR>200482</sequenceNBR><serviceProviderCode>PARTNER</serviceProviderCode><auditModel><auditDate>2013-11-20T09:53:30.830-05:00</auditDate><auditID>ETOLLER</auditID><auditStatus>A</auditStatus></auditModel><standardChoiceName>PENALTY_INTERVAL_UNITS</standardChoiceName><standardChoiceValueI18NModels/><value>Days</value></standardChoiceValue><standardChoiceValue refId="3@StandardChoiceValueModel"><sequenceNBR>215767</sequenceNBR><serviceProviderCode>PARTNER</serviceProviderCode><auditModel><auditDate>2013-12-30T18:25:58-05:00</auditDate><auditID>ADIAZ</auditID><auditStatus>A</auditStatus></auditModel><standardChoiceName>PENALTY_INTERVAL_UNITS</standardChoiceName><standardChoiceValueI18NModels/><value>Months</value></standardChoiceValue><standardChoiceValue refId="4@StandardChoiceValueModel"><sequenceNBR>215769</sequenceNBR><serviceProviderCode>PARTNER</serviceProviderCode><auditModel><auditDate>2013-12-30T18:25:58-05:00</auditDate><auditID>ADIAZ</auditID><auditStatus>A</auditStatus></auditModel><standardChoiceName>PENALTY_INTERVAL_UNITS</standardChoiceName><standardChoiceValueI18NModels/><value>Years</value></standardChoiceValue></standardChoiceValueModels><type>SystemSwitch</type><valueSize>0</valueSize></standardChoice>
<standardChoice refId="1@StandardChoiceModel"><name>FEE_CALCULATION_BASED_ON_FEECALC</name><serviceProviderCode>PARTNER</serviceProviderCode><auditModel><auditDate>2011-10-24T19:34:21.400-04:00</auditDate><auditID>1</auditID><auditStatus>A</auditStatus></auditModel><standardChoiceValueModels><standardChoiceValue refId="2@StandardChoiceValueModel"><sequenceNBR>199965</sequenceNBR><serviceProviderCode>PARTNER</serviceProviderCode><auditModel><auditDate>2011-10-24T19:35:01.850-04:00</auditDate><auditID>LCOOPER</auditID><auditStatus>A</auditStatus></auditModel><description>No</description><standardChoiceName>FEE_CALCULATION_BASED_ON_FEECALC</standardChoiceName><standardChoiceValueI18NModels/><value>NO</value></standardChoiceValue><standardChoiceValue refId="3@StandardChoiceValueModel"><sequenceNBR>199966</sequenceNBR><serviceProviderCode>PARTNER</serviceProviderCode><auditModel><auditDate>2011-10-24T19:35:12.273-04:00</auditDate><auditID>LCOOPER</auditID><auditStatus>A</auditStatus></auditModel><description>Yes</description><standardChoiceName>FEE_CALCULATION_BASED_ON_FEECALC</standardChoiceName><standardChoiceValueI18NModels/><value>YES</value></standardChoiceValue></standardChoiceValueModels><type>SystemSwitch</type><valueSize>0</valueSize></standardChoice>
<standardChoice refId="1@StandardChoiceModel"><name>CONTACT TYPE</name><serviceProviderCode>PARTNER</serviceProviderCode><auditModel><auditDate>2018-12-24T09:27:29.030-05:00</auditDate><auditID>LWACHT</auditID><auditStatus>A</auditStatus></auditModel><description></description><standardChoiceValueModels><standardChoiceValue refId="2@StandardChoiceValueModel"><sequenceNBR>216202</sequenceNBR><serviceProviderCode>PARTNER</serviceProviderCode><auditModel><auditDate>2018-12-24T09:27:29.037-05:00</auditDate><auditID>LWACHT</auditID><auditStatus>A</auditStatus></auditModel><description>Transaction</description><sortOrder>0</sortOrder><standardChoiceName>CONTACT TYPE</standardChoiceName><standardChoiceValueI18NModels/><value>Accounts Receivable</value></standardChoiceValue><standardChoiceValue refId="3@StandardChoiceValueModel"><sequenceNBR>216204</sequenceNBR><serviceProviderCode>PARTNER</serviceProviderCode><auditModel><auditDate>2018-12-24T09:27:29.043-05:00</auditDate><auditID>LWACHT</auditID><auditStatus>A</auditStatus></auditModel><description>Transaction</description><resId>51430</resId><sortOrder>0</sortOrder><standardChoiceName>CONTACT TYPE</standardChoiceName><standardChoiceValueI18NModels/><value>Agent</value></standardChoiceValue><standardChoiceValue refId="4@StandardChoiceValueModel"><sequenceNBR>199527</sequenceNBR><serviceProviderCode>PARTNER</serviceProviderCode><auditModel><auditDate>2018-12-24T09:27:29.050-05:00</auditDate><auditID>LWACHT</auditID><auditStatus>A</auditStatus></auditModel><description>Transaction</description><resId>51428</resId><sortOrder>0</sortOrder><standardChoiceName>CONTACT TYPE</standardChoiceName><standardChoiceValueI18NModels/><value>Applicant</value></standardChoiceValue><standardChoiceValue refId="5@StandardChoiceValueModel"><sequenceNBR>199530</sequenceNBR><serviceProviderCode>PARTNER</serviceProviderCode><auditModel><auditDate>2018-12-24T09:27:29.057-05:00</auditDate><auditID>LWACHT</auditID><auditStatus>A</auditStatus></auditModel><description>Transaction</description><sortOrder>0</sortOrder><standardChoiceName>CONTACT TYPE</standardChoiceName><standardChoiceValueI18NModels/><value>Attorney</value></standardChoiceValue><standardChoiceValue refId="6@StandardChoiceValueModel"><sequenceNBR>216348</sequenceNBR><serviceProviderCode>PARTNER</serviceProviderCode><auditModel><auditDate>2018-12-24T09:27:29.110-05:00</auditDate><auditID>LWACHT</auditID><auditStatus>A</auditStatus></auditModel><description>Both</description><sortOrder>0</sortOrder><standardChoiceName>CONTACT TYPE</standardChoiceName><standardChoiceValueI18NModels/><value>Authorized Agent</value></standardChoiceValue><standardChoiceValue refId="7@StandardChoiceValueModel"><sequenceNBR>216206</sequenceNBR><serviceProviderCode>PARTNER</serviceProviderCode><auditModel><auditDate>2018-12-24T09:27:29.120-05:00</auditDate><auditID>LWACHT</auditID><auditStatus>A</auditStatus></auditModel><description>Transaction</description><resId>51431</resId><sortOrder>0</sortOrder><standardChoiceName>CONTACT TYPE</standardChoiceName><standardChoiceValueI18NModels/><value>Billing Contact</value></standardChoiceValue><standardChoiceValue refId="8@StandardChoiceValueModel"><sequenceNBR>215713</sequenceNBR><serviceProviderCode>PARTNER</serviceProviderCode><auditModel><auditDate>2018-12-24T09:27:29.127-05:00</auditDate><auditID>LWACHT</auditID><auditStatus>A</auditStatus></auditModel><description>Transaction</description><resId>51433</resId><sortOrder>0</sortOrder><standardChoiceName>CONTACT TYPE</standardChoiceName><standardChoiceValueI18NModels/><value>Business Owner</value></standardChoiceValue><standardChoiceValue refId="9@StandardChoiceValueModel"><sequenceNBR>216208</sequenceNBR><serviceProviderCode>PARTNER</serviceProviderCode><auditModel><auditDate>2018-12-24T09:27:29.133-05:00</auditDate><auditID>LWACHT</auditID><auditStatus>A</auditStatus></auditModel><description>Transaction</description><sortOrder>0</sortOrder><standardChoiceName>CONTACT TYPE</standardChoiceName><standardChoiceValueI18NModels/><value>Certified Food Handler</value></standardChoiceValue><standardChoiceValue refId="10@StandardChoiceValueModel"><sequenceNBR>216210</sequenceNBR><serviceProviderCode>PARTNER</serviceProviderCode><auditModel><auditDate>2018-12-24T09:27:29.140-05:00</auditDate><auditID>LWACHT</auditID><auditStatus>A</auditStatus></auditModel><description>Transaction</description><sortOrder>0</sortOrder><standardChoiceName>CONTACT TYPE</standardChoiceName><standardChoiceValueI18NModels/><value>Commissary</value></standardChoiceValue><standardChoiceValue refId="11@StandardChoiceValueModel"><sequenceNBR>199535</sequenceNBR><serviceProviderCode>PARTNER</serviceProviderCode><auditModel><auditDate>2018-12-24T09:27:29.147-05:00</auditDate><auditID>LWACHT</auditID><auditStatus>A</auditStatus></auditModel><description>Transaction</description><sortOrder>0</sortOrder><standardChoiceName>CONTACT TYPE</standardChoiceName><standardChoiceValueI18NModels/><value>Complainant</value></standardChoiceValue><standardChoiceValue refId="12@StandardChoiceValueModel"><sequenceNBR>199539</sequenceNBR><serviceProviderCode>PARTNER</serviceProviderCode><auditModel><auditDate>2018-12-24T09:27:29.153-05:00</auditDate><auditID>LWACHT</auditID><auditStatus>A</auditStatus></auditModel><description>Transaction</description><resId>51434</resId><sortOrder>0</sortOrder><standardChoiceName>CONTACT TYPE</standardChoiceName><standardChoiceValueI18NModels/><value>Contact</value></standardChoiceValue><standardChoiceValue refId="13@StandardChoiceValueModel"><sequenceNBR>216675</sequenceNBR><serviceProviderCode>PARTNER</serviceProviderCode><auditModel><auditDate>2018-12-24T09:27:29.160-05:00</auditDate><auditID>LWACHT</auditID><auditStatus>A</auditStatus></auditModel><description>Transaction</description><sortOrder>0</sortOrder><standardChoiceName>CONTACT TYPE</standardChoiceName><standardChoiceValueI18NModels/><value>Contractor Doing Work For</value></standardChoiceValue><standardChoiceValue refId="14@StandardChoiceValueModel"><sequenceNBR>216303</sequenceNBR><serviceProviderCode>PARTNER</serviceProviderCode><auditModel><auditDate>2018-12-24T09:27:29.167-05:00</auditDate><auditID>LWACHT</auditID><auditStatus>A</auditStatus></auditModel><description>Transaction</description><sortOrder>0</sortOrder><standardChoiceName>CONTACT TYPE</standardChoiceName><standardChoiceValueI18NModels/><value>County Project Manager</value></standardChoiceValue><standardChoiceValue refId="15@StandardChoiceValueModel"><sequenceNBR>216212</sequenceNBR><serviceProviderCode>PARTNER</serviceProviderCode><auditModel><auditDate>2018-12-24T09:27:29.173-05:00</auditDate><auditID>LWACHT</auditID><auditStatus>A</auditStatus></auditModel><description>Transaction</description><sortOrder>0</sortOrder><standardChoiceName>CONTACT TYPE</standardChoiceName><standardChoiceValueI18NModels/><value>Designer</value></standardChoiceValue><standardChoiceValue refId="16@StandardChoiceValueModel"><sequenceNBR>216214</sequenceNBR><serviceProviderCode>PARTNER</serviceProviderCode><auditModel><auditDate>2018-12-24T09:27:29.180-05:00</auditDate><auditID>LWACHT</auditID><auditStatus>A</auditStatus></auditModel><description>Transaction</description><sortOrder>0</sortOrder><standardChoiceName>CONTACT TYPE</standardChoiceName><standardChoiceValueI18NModels/><value>Designer/Contractor</value></standardChoiceValue><standardChoiceValue refId="17@StandardChoiceValueModel"><sequenceNBR>199541</sequenceNBR><serviceProviderCode>PARTNER</serviceProviderCode><auditModel><auditDate>2018-12-24T09:27:29.187-05:00</auditDate><auditID>LWACHT</auditID><auditStatus>A</auditStatus></auditModel><description>Transaction</description><resId>51435</resId><sortOrder>0</sortOrder><standardChoiceName>CONTACT TYPE</standardChoiceName><standardChoiceValueI18NModels/><value>Developer</value></standardChoiceValue><standardChoiceValue refId="18@StandardChoiceValueModel"><sequenceNBR>216216</sequenceNBR><serviceProviderCode>PARTNER</serviceProviderCode><auditModel><auditDate>2018-12-24T09:27:29.193-05:00</auditDate><auditID>LWACHT</auditID><auditStatus>A</auditStatus></auditModel><description>Transaction</description><resId>51436</resId><sortOrder>0</sortOrder><standardChoiceName>CONTACT TYPE</standardChoiceName><standardChoiceValueI18NModels/><value>Director</value></standardChoiceValue><standardChoiceValue refId="19@StandardChoiceValueModel"><sequenceNBR>216389</sequenceNBR><serviceProviderCode>PARTNER</serviceProviderCode><auditModel><auditDate>2018-12-24T09:27:29.200-05:00</auditDate><auditID>LWACHT</auditID><auditStatus>A</auditStatus></auditModel><description>Transaction</description><sortOrder>0</sortOrder><standardChoiceName>CONTACT TYPE</standardChoiceName><standardChoiceValueI18NModels/><value>Engineer</value></standardChoiceValue><standardChoiceValue refId="20@StandardChoiceValueModel"><sequenceNBR>216218</sequenceNBR><serviceProviderCode>PARTNER</serviceProviderCode><auditModel><auditDate>2018-12-24T09:27:29.210-05:00</auditDate><auditID>LWACHT</auditID><auditStatus>A</auditStatus></auditModel><description>Transaction</description><sortOrder>0</sortOrder><standardChoiceName>CONTACT TYPE</standardChoiceName><standardChoiceValueI18NModels/><value>Facility Contact</value></standardChoiceValue><standardChoiceValue refId="21@StandardChoiceValueModel"><sequenceNBR>216220</sequenceNBR><serviceProviderCode>PARTNER</serviceProviderCode><auditModel><auditDate>2018-12-24T09:27:29.220-05:00</auditDate><auditID>LWACHT</auditID><auditStatus>A</auditStatus></auditModel><description>Transaction</description><sortOrder>0</sortOrder><standardChoiceName>CONTACT TYPE</standardChoiceName><standardChoiceValueI18NModels/><value>Facility Owner</value></standardChoiceValue><standardChoiceValue refId="22@StandardChoiceValueModel"><sequenceNBR>216302</sequenceNBR><serviceProviderCode>PARTNER</serviceProviderCode><auditModel><auditDate>2018-12-24T09:27:29.227-05:00</auditDate><auditID>LWACHT</auditID><auditStatus>A</auditStatus></auditModel><description>Transaction</description><sortOrder>0</sortOrder><standardChoiceName>CONTACT TYPE</standardChoiceName><standardChoiceValueI18NModels/><value>Government Entity</value></standardChoiceValue><standardChoiceValue refId="23@StandardChoiceValueModel"><sequenceNBR>216222</sequenceNBR><serviceProviderCode>PARTNER</serviceProviderCode><auditModel><auditDate>2018-12-24T09:27:29.233-05:00</auditDate><auditID>LWACHT</auditID><auditStatus>A</auditStatus></auditModel><description>Transaction</description><sortOrder>0</sortOrder><standardChoiceName>CONTACT TYPE</standardChoiceName><standardChoiceValueI18NModels/><value>Hearing Body Member</value></standardChoiceValue><standardChoiceValue refId="24@StandardChoiceValueModel"><sequenceNBR>216295</sequenceNBR><serviceProviderCode>PARTNER</serviceProviderCode><auditModel><auditDate>2018-12-24T09:27:29.240-05:00</auditDate><auditID>LWACHT</auditID><auditStatus>A</auditStatus></auditModel><description>Transaction</description><sortOrder>0</sortOrder><standardChoiceName>CONTACT TYPE</standardChoiceName><standardChoiceValueI18NModels/><value>Homeowner Associations (HOA)</value></standardChoiceValue><standardChoiceValue refId="25@StandardChoiceValueModel"><sequenceNBR>199547</sequenceNBR><serviceProviderCode>PARTNER</serviceProviderCode><auditModel><auditDate>2018-12-24T09:27:29.243-05:00</auditDate><auditID>LWACHT</auditID><auditStatus>A</auditStatus></auditModel><description>Reference</description><resId>51438</resId><sortOrder>0</sortOrder><standardChoiceName>CONTACT TYPE</standardChoiceName><standardChoiceValueI18NModels/><value>Individual</value></standardChoiceValue><standardChoiceValue refId="26@StandardChoiceValueModel"><sequenceNBR>216224</sequenceNBR><serviceProviderCode>PARTNER</serviceProviderCode><auditModel><auditDate>2018-12-24T09:27:29.250-05:00</auditDate><auditID>LWACHT</auditID><auditStatus>A</auditStatus></auditModel><description>Transaction</description><sortOrder>0</sortOrder><standardChoiceName>CONTACT TYPE</standardChoiceName><standardChoiceValueI18NModels/><value>Insurance Agency</value></standardChoiceValue><standardChoiceValue refId="27@StandardChoiceValueModel"><sequenceNBR>199551</sequenceNBR><serviceProviderCode>PARTNER</serviceProviderCode><auditModel><auditDate>2018-12-24T09:27:29.257-05:00</auditDate><auditID>LWACHT</auditID><auditStatus>A</auditStatus></auditModel><description>Transaction</description><sortOrder>0</sortOrder><standardChoiceName>CONTACT TYPE</standardChoiceName><standardChoiceValueI18NModels/><value>License Holder</value></standardChoiceValue><standardChoiceValue refId="28@StandardChoiceValueModel"><sequenceNBR>216226</sequenceNBR><serviceProviderCode>PARTNER</serviceProviderCode><auditModel><auditDate>2018-12-24T09:27:29.263-05:00</auditDate><auditID>LWACHT</auditID><auditStatus>A</auditStatus></auditModel><description>Both</description><sortOrder>0</sortOrder><standardChoiceName>CONTACT TYPE</standardChoiceName><standardChoiceValueI18NModels/><value>Manager</value></standardChoiceValue><standardChoiceValue refId="29@StandardChoiceValueModel"><sequenceNBR>216768</sequenceNBR><serviceProviderCode>PARTNER</serviceProviderCode><auditModel><auditDate>2018-12-24T09:27:29.270-05:00</auditDate><auditID>LWACHT</auditID><auditStatus>A</auditStatus></auditModel><description>Transaction</description><sortOrder>0</sortOrder><standardChoiceName>CONTACT TYPE</standardChoiceName><standardChoiceValueI18NModels/><value>Non Profit Organization</value></standardChoiceValue><standardChoiceValue refId="30@StandardChoiceValueModel"><sequenceNBR>216228</sequenceNBR><serviceProviderCode>PARTNER</serviceProviderCode><auditModel><auditDate>2018-12-24T09:27:29.280-05:00</auditDate><auditID>LWACHT</auditID><auditStatus>A</auditStatus></auditModel><description>Transaction</description><sortOrder>0</sortOrder><standardChoiceName>CONTACT TYPE</standardChoiceName><standardChoiceValueI18NModels/><value>Officer</value></standardChoiceValue><standardChoiceValue refId="31@StandardChoiceValueModel"><sequenceNBR>199560</sequenceNBR><serviceProviderCode>PARTNER</serviceProviderCode><auditModel><auditDate>2018-12-24T09:27:29.287-05:00</auditDate><auditID>LWACHT</auditID><auditStatus>A</auditStatus></auditModel><description>Reference</description><sortOrder>0</sortOrder><standardChoiceName>CONTACT TYPE</standardChoiceName><standardChoiceValueI18NModels/><value>Organization</value></standardChoiceValue><standardChoiceValue refId="32@StandardChoiceValueModel"><sequenceNBR>216230</sequenceNBR><serviceProviderCode>PARTNER</serviceProviderCode><auditModel><auditDate>2018-12-24T09:27:29.293-05:00</auditDate><auditID>LWACHT</auditID><auditStatus>A</auditStatus></auditModel><description>Transaction</description><sortOrder>0</sortOrder><standardChoiceName>CONTACT TYPE</standardChoiceName><standardChoiceValueI18NModels/><value>Permit Holder</value></standardChoiceValue><standardChoiceValue refId="33@StandardChoiceValueModel"><sequenceNBR>216232</sequenceNBR><serviceProviderCode>PARTNER</serviceProviderCode><auditModel><auditDate>2018-12-24T09:27:29.300-05:00</auditDate><auditID>LWACHT</auditID><auditStatus>A</auditStatus></auditModel><description>Transaction</description><sortOrder>0</sortOrder><standardChoiceName>CONTACT TYPE</standardChoiceName><standardChoiceValueI18NModels/><value>Pet Owner</value></standardChoiceValue><standardChoiceValue refId="34@StandardChoiceValueModel"><sequenceNBR>218607</sequenceNBR><serviceProviderCode>PARTNER</serviceProviderCode><auditModel><auditDate>2018-12-24T09:27:29.303-05:00</auditDate><auditID>LWACHT</auditID><auditStatus>A</auditStatus></auditModel><description>Both</description><sortOrder>0</sortOrder><standardChoiceName>CONTACT TYPE</standardChoiceName><standardChoiceValueI18NModels/><value>Property Owner</value></standardChoiceValue><standardChoiceValue refId="35@StandardChoiceValueModel"><sequenceNBR>215749</sequenceNBR><serviceProviderCode>PARTNER</serviceProviderCode><auditModel><auditDate>2018-12-24T09:27:29.310-05:00</auditDate><auditID>LWACHT</auditID><auditStatus>A</auditStatus></auditModel><description>Transaction</description><sortOrder>0</sortOrder><standardChoiceName>CONTACT TYPE</standardChoiceName><standardChoiceValueI18NModels/><value>Respondent</value></standardChoiceValue><standardChoiceValue refId="36@StandardChoiceValueModel"><sequenceNBR>216234</sequenceNBR><serviceProviderCode>PARTNER</serviceProviderCode><auditModel><auditDate>2018-12-24T09:27:29.320-05:00</auditDate><auditID>LWACHT</auditID><auditStatus>A</auditStatus></auditModel><description>Transaction</description><sortOrder>0</sortOrder><standardChoiceName>CONTACT TYPE</standardChoiceName><standardChoiceValueI18NModels/><value>Shareholder</value></standardChoiceValue><standardChoiceValue refId="37@StandardChoiceValueModel"><sequenceNBR>216236</sequenceNBR><serviceProviderCode>PARTNER</serviceProviderCode><auditModel><auditDate>2018-12-24T09:27:29.327-05:00</auditDate><auditID>LWACHT</auditID><auditStatus>A</auditStatus></auditModel><description>Transaction</description><sortOrder>0</sortOrder><standardChoiceName>CONTACT TYPE</standardChoiceName><standardChoiceValueI18NModels/><value>Sponsoring Organization</value></standardChoiceValue><standardChoiceValue refId="38@StandardChoiceValueModel"><sequenceNBR>199583</sequenceNBR><serviceProviderCode>PARTNER</serviceProviderCode><auditModel><auditDate>2018-12-24T09:27:29.333-05:00</auditDate><auditID>LWACHT</auditID><auditStatus>A</auditStatus></auditModel><description>Transaction</description><sortOrder>0</sortOrder><standardChoiceName>CONTACT TYPE</standardChoiceName><standardChoiceValueI18NModels/><value>Tenant</value></standardChoiceValue><standardChoiceValue refId="39@StandardChoiceValueModel"><sequenceNBR>216238</sequenceNBR><serviceProviderCode>PARTNER</serviceProviderCode><auditModel><auditDate>2018-12-24T09:27:29.340-05:00</auditDate><auditID>LWACHT</auditID><auditStatus>A</auditStatus></auditModel><description>Transaction</description><sortOrder>0</sortOrder><standardChoiceName>CONTACT TYPE</standardChoiceName><standardChoiceValueI18NModels/><value>Veterinarian</value></standardChoiceValue></standardChoiceValueModels><type>SystemSwitch</type><valueSize>0</valueSize></standardChoice>
</list>