<?xml version="1.0" encoding="UTF-8" standalone="yes"?>
<list  version="9.0.0" minorVersion="14" exportUser="LWACHT" exportDateTime="01/07/2019 09:24 AM" description="export data record for SWADDLE"><workflow><parentProcessID>0</parentProcessID><serviceProviderCode>PARTNER</serviceProviderCode><stepNumber>0</stepNumber><workflowName>TEST</workflowName><isSubProcessSelected>Y</isSubProcessSelected><processCode>TEST</processCode><refProcessRelationI18NModels/><recDate>2014-02-09T22:15:40.943-05:00</recDate><recFulNam>Nick Skertich</recFulNam><recStatus>A</recStatus><relationSeqId>24</relationSeqId><resId>24</resId><subProcessModels/><taskActivation>I</taskActivation><workflowMetadata refId="1@RefWorkflowMetadataModel"><metaDataCode>TEST</metaDataCode><serviceProviderCode>PARTNER</serviceProviderCode><status>NORMAL</status><type>PROCESS</type><auditModel><auditDate>2017-01-26T04:34:55.427-05:00</auditDate><auditID>kaya begum</auditID><auditStatus>A</auditStatus></auditModel><metaDataDefinition>&lt;mxGraphModel&gt;
  &lt;root&gt;
    &lt;Workflow label="TEST" id="0"&gt;
      &lt;mxCell/&gt;
    &lt;/Workflow&gt;
    &lt;Layer label="Default Layer" id="1"&gt;
      &lt;mxCell parent="0"/&gt;
    &lt;/Layer&gt;
    &lt;Flow label="" customObject="[]" id="6"&gt;
      &lt;mxCell style="straight;shape=connector;endArrow=classic;edgeStyle=none" parent="1" source="2" target="4" edge="1"&gt;
        &lt;mxGeometry relative="1" as="geometry"/&gt;
      &lt;/mxCell&gt;
    &lt;/Flow&gt;
    &lt;Flow label="Next Task" customObject="[{&amp;quot;statusDescription&amp;quot;:&amp;quot;Next Task&amp;quot;,&amp;quot;resultingAction&amp;quot;:&amp;quot;Y&amp;quot;,&amp;quot;role&amp;quot;:null,&amp;quot;appTypeCode&amp;quot;:null,&amp;quot;applicationStatus&amp;quot;:null,&amp;quot;parentStatus&amp;quot;:null,&amp;quot;clockAction&amp;quot;:null,&amp;quot;resId&amp;quot;:null,&amp;quot;taskName&amp;quot;:&amp;quot;Task1&amp;quot;,&amp;quot;auditModel&amp;quot;:{&amp;quot;auditDate&amp;quot;:&amp;quot;2014-02-09T22:15:40.943&amp;quot;,&amp;quot;auditID&amp;quot;:&amp;quot;Nick Skertich&amp;quot;,&amp;quot;auditStatus&amp;quot;:&amp;quot;A&amp;quot;},&amp;quot;displayInACA&amp;quot;:&amp;quot;Y&amp;quot;,&amp;quot;refProcessNoteModels&amp;quot;:null,&amp;quot;refProcessReportModels&amp;quot;:[],&amp;quot;refTaskStatusI18NModels&amp;quot;:null,&amp;quot;workflowRefStdCondition&amp;quot;:null,&amp;quot;workflowRefMeetingTypeVirtual&amp;quot;:null,&amp;quot;referenceId&amp;quot;:null,&amp;quot;referenceFlag&amp;quot;:null,&amp;quot;serviceProviderCode&amp;quot;:&amp;quot;PARTNER&amp;quot;,&amp;quot;statusCode&amp;quot;:&amp;quot;SCODE1&amp;quot;,&amp;quot;processName&amp;quot;:&amp;quot;TEST&amp;quot;}]" id="7"&gt;
      &lt;mxCell style="straight;shape=connector;endArrow=classic;edgeStyle=none" parent="1" source="4" target="5" edge="1"&gt;
        &lt;mxGeometry relative="1" as="geometry"/&gt;
      &lt;/mxCell&gt;
    &lt;/Flow&gt;
    &lt;Flow label="Closed" customObject="[{&amp;quot;statusDescription&amp;quot;:&amp;quot;Closed&amp;quot;,&amp;quot;resultingAction&amp;quot;:&amp;quot;Y&amp;quot;,&amp;quot;role&amp;quot;:null,&amp;quot;appTypeCode&amp;quot;:null,&amp;quot;applicationStatus&amp;quot;:&amp;quot;Closed&amp;quot;,&amp;quot;parentStatus&amp;quot;:null,&amp;quot;clockAction&amp;quot;:null,&amp;quot;resId&amp;quot;:null,&amp;quot;taskName&amp;quot;:&amp;quot;Task2&amp;quot;,&amp;quot;auditModel&amp;quot;:{&amp;quot;auditDate&amp;quot;:&amp;quot;2014-02-09T22:15:40.943&amp;quot;,&amp;quot;auditID&amp;quot;:&amp;quot;Nick Skertich&amp;quot;,&amp;quot;auditStatus&amp;quot;:&amp;quot;A&amp;quot;},&amp;quot;displayInACA&amp;quot;:&amp;quot;Y&amp;quot;,&amp;quot;refProcessNoteModels&amp;quot;:null,&amp;quot;refProcessReportModels&amp;quot;:[],&amp;quot;refTaskStatusI18NModels&amp;quot;:null,&amp;quot;workflowRefStdCondition&amp;quot;:null,&amp;quot;workflowRefMeetingTypeVirtual&amp;quot;:null,&amp;quot;referenceId&amp;quot;:null,&amp;quot;referenceFlag&amp;quot;:null,&amp;quot;serviceProviderCode&amp;quot;:&amp;quot;PARTNER&amp;quot;,&amp;quot;statusCode&amp;quot;:&amp;quot;SCODE2&amp;quot;,&amp;quot;processName&amp;quot;:&amp;quot;TEST&amp;quot;}]" id="8"&gt;
      &lt;mxCell style="straight;shape=connector;endArrow=classic;edgeStyle=none" parent="1" source="5" target="3" edge="1"&gt;
        &lt;mxGeometry relative="1" as="geometry"/&gt;
      &lt;/mxCell&gt;
    &lt;/Flow&gt;
    &lt;Start label="Start" id="2"&gt;
      &lt;mxCell style="shape=image;perimeter=rectanglePerimeter;labelBackgroundColor=white;fontSize=10;align=center;verticalAlign=top;verticalLabelPosition=bottom;image=/portlets/framework/includes/javascript/mxgraph/images/workimages/start.png" parent="1" vertex="1"&gt;
        &lt;mxGeometry x="310" y="50" width="32" height="32" as="geometry"/&gt;
      &lt;/mxCell&gt;
    &lt;/Start&gt;
    &lt;End label="End" description="the end point of the task" id="3"&gt;
      &lt;mxCell style="symbol;image=/portlets/framework/includes/javascript/mxgraph/images/workimages/end.png" parent="1" vertex="1"&gt;
        &lt;mxGeometry x="320" y="270" width="32" height="32" as="geometry"/&gt;
      &lt;/mxCell&gt;
    &lt;/End&gt;
    &lt;Task skippedObject="[]" customObject="{&amp;quot;taskName&amp;quot;:&amp;quot;Task1&amp;quot;,&amp;quot;dueDate&amp;quot;:null,&amp;quot;comment&amp;quot;:null,&amp;quot;sdActGrp&amp;quot;:null,&amp;quot;sdActTyp&amp;quot;:null,&amp;quot;referenceId&amp;quot;:null,&amp;quot;referenceFlag&amp;quot;:null,&amp;quot;activityDescription&amp;quot;:null,&amp;quot;appCod&amp;quot;:null,&amp;quot;sdAppDes&amp;quot;:null,&amp;quot;taskStatusDesc&amp;quot;:null,&amp;quot;taskStatusCode&amp;quot;:null,&amp;quot;checkLevel1&amp;quot;:null,&amp;quot;checkLevel2&amp;quot;:null,&amp;quot;checkLevel3&amp;quot;:null,&amp;quot;checkLevel4&amp;quot;:null,&amp;quot;checkLevel5&amp;quot;:null,&amp;quot;sdProced&amp;quot;:null,&amp;quot;checkboxGroup&amp;quot;:null,&amp;quot;checkboxCode&amp;quot;:null,&amp;quot;hoursSpentRequired&amp;quot;:null,&amp;quot;calendarId&amp;quot;:null,&amp;quot;resId&amp;quot;:null,&amp;quot;displayInACA&amp;quot;:null,&amp;quot;auditModel&amp;quot;:{&amp;quot;auditDate&amp;quot;:&amp;quot;2014-02-09T22:15:40.943&amp;quot;,&amp;quot;auditID&amp;quot;:&amp;quot;Nick Skertich&amp;quot;,&amp;quot;auditStatus&amp;quot;:&amp;quot;A&amp;quot;},&amp;quot;staffModel&amp;quot;:{&amp;quot;firstName&amp;quot;:null,&amp;quot;middleName&amp;quot;:null,&amp;quot;lastName&amp;quot;:null},&amp;quot;assignedDepartmentModel&amp;quot;:{&amp;quot;agencyCode&amp;quot;:null,&amp;quot;bureauCode&amp;quot;:null,&amp;quot;divisionCode&amp;quot;:null,&amp;quot;groupCode&amp;quot;:null,&amp;quot;sectionCode&amp;quot;:null,&amp;quot;officeCode&amp;quot;:null},&amp;quot;currentDepartmentModel&amp;quot;:{&amp;quot;agencyCode&amp;quot;:null,&amp;quot;bureauCode&amp;quot;:null,&amp;quot;divisionCode&amp;quot;:null,&amp;quot;groupCode&amp;quot;:null,&amp;quot;sectionCode&amp;quot;:null,&amp;quot;officeCode&amp;quot;:null},&amp;quot;refTaskItemI18NModels&amp;quot;:null,&amp;quot;refGISProcessProxAlertModels&amp;quot;:null,&amp;quot;refProcessProxAlertModels&amp;quot;:[],&amp;quot;refTaskActivityModels&amp;quot;:[],&amp;quot;refTaskStatusModels&amp;quot;:[{&amp;quot;statusDescription&amp;quot;:&amp;quot;Next Task&amp;quot;,&amp;quot;resultingAction&amp;quot;:&amp;quot;Y&amp;quot;,&amp;quot;role&amp;quot;:null,&amp;quot;appTypeCode&amp;quot;:null,&amp;quot;applicationStatus&amp;quot;:null,&amp;quot;parentStatus&amp;quot;:null,&amp;quot;clockAction&amp;quot;:null,&amp;quot;resId&amp;quot;:null,&amp;quot;taskName&amp;quot;:&amp;quot;Task1&amp;quot;,&amp;quot;auditModel&amp;quot;:{&amp;quot;auditDate&amp;quot;:&amp;quot;2014-02-09T22:15:40.943&amp;quot;,&amp;quot;auditID&amp;quot;:&amp;quot;Nick Skertich&amp;quot;,&amp;quot;auditStatus&amp;quot;:&amp;quot;A&amp;quot;},&amp;quot;displayInACA&amp;quot;:&amp;quot;Y&amp;quot;,&amp;quot;refProcessNoteModels&amp;quot;:null,&amp;quot;refProcessReportModels&amp;quot;:[],&amp;quot;refTaskStatusI18NModels&amp;quot;:null,&amp;quot;workflowRefStdCondition&amp;quot;:null,&amp;quot;workflowRefMeetingTypeVirtual&amp;quot;:null,&amp;quot;referenceId&amp;quot;:null,&amp;quot;referenceFlag&amp;quot;:null,&amp;quot;serviceProviderCode&amp;quot;:&amp;quot;PARTNER&amp;quot;,&amp;quot;statusCode&amp;quot;:&amp;quot;SCODE1&amp;quot;,&amp;quot;processName&amp;quot;:&amp;quot;TEST&amp;quot;}],&amp;quot;taskSecurityModels&amp;quot;:null,&amp;quot;taskStatusSecurityModels&amp;quot;:null,&amp;quot;refTaskSpecInfoGroupModel&amp;quot;:null,&amp;quot;xcommentGroupEntitys&amp;quot;:null,&amp;quot;isCheckedStandardCommentGroup&amp;quot;:null,&amp;quot;entityDataRefTaskItem&amp;quot;:null,&amp;quot;taskNumber&amp;quot;:&amp;quot;010&amp;quot;,&amp;quot;parallelIndicator&amp;quot;:&amp;quot;000&amp;quot;,&amp;quot;skipIndicator&amp;quot;:&amp;quot;000&amp;quot;,&amp;quot;loopIndicator&amp;quot;:&amp;quot;000&amp;quot;,&amp;quot;nextActivator&amp;quot;:&amp;quot;012&amp;quot;,&amp;quot;branchActivator&amp;quot;:&amp;quot;000&amp;quot;,&amp;quot;skipActivator&amp;quot;:&amp;quot;000&amp;quot;,&amp;quot;loopActivator&amp;quot;:&amp;quot;000&amp;quot;,&amp;quot;estimatedHours&amp;quot;:null,&amp;quot;orderNumber&amp;quot;:null,&amp;quot;serviceProviderCode&amp;quot;:&amp;quot;PARTNER&amp;quot;,&amp;quot;processCode&amp;quot;:&amp;quot;TEST&amp;quot;,&amp;quot;stepNumber&amp;quot;:1}" label="Task1" id="4"&gt;
      &lt;mxCell parent="1" vertex="1"&gt;
        &lt;mxGeometry x="290" y="130" width="72" height="32" as="geometry"/&gt;
      &lt;/mxCell&gt;
    &lt;/Task&gt;
    &lt;Task skippedObject="[]" customObject="{&amp;quot;taskName&amp;quot;:&amp;quot;Task2&amp;quot;,&amp;quot;dueDate&amp;quot;:null,&amp;quot;comment&amp;quot;:null,&amp;quot;sdActGrp&amp;quot;:null,&amp;quot;sdActTyp&amp;quot;:null,&amp;quot;referenceId&amp;quot;:null,&amp;quot;referenceFlag&amp;quot;:null,&amp;quot;activityDescription&amp;quot;:null,&amp;quot;appCod&amp;quot;:null,&amp;quot;sdAppDes&amp;quot;:null,&amp;quot;taskStatusDesc&amp;quot;:null,&amp;quot;taskStatusCode&amp;quot;:null,&amp;quot;checkLevel1&amp;quot;:null,&amp;quot;checkLevel2&amp;quot;:null,&amp;quot;checkLevel3&amp;quot;:null,&amp;quot;checkLevel4&amp;quot;:null,&amp;quot;checkLevel5&amp;quot;:null,&amp;quot;sdProced&amp;quot;:null,&amp;quot;checkboxGroup&amp;quot;:null,&amp;quot;checkboxCode&amp;quot;:null,&amp;quot;hoursSpentRequired&amp;quot;:null,&amp;quot;calendarId&amp;quot;:null,&amp;quot;resId&amp;quot;:null,&amp;quot;displayInACA&amp;quot;:null,&amp;quot;auditModel&amp;quot;:{&amp;quot;auditDate&amp;quot;:&amp;quot;2014-02-09T22:15:40.943&amp;quot;,&amp;quot;auditID&amp;quot;:&amp;quot;Nick Skertich&amp;quot;,&amp;quot;auditStatus&amp;quot;:&amp;quot;A&amp;quot;},&amp;quot;staffModel&amp;quot;:{&amp;quot;firstName&amp;quot;:null,&amp;quot;middleName&amp;quot;:null,&amp;quot;lastName&amp;quot;:null},&amp;quot;assignedDepartmentModel&amp;quot;:{&amp;quot;agencyCode&amp;quot;:null,&amp;quot;bureauCode&amp;quot;:null,&amp;quot;divisionCode&amp;quot;:null,&amp;quot;groupCode&amp;quot;:null,&amp;quot;sectionCode&amp;quot;:null,&amp;quot;officeCode&amp;quot;:null},&amp;quot;currentDepartmentModel&amp;quot;:{&amp;quot;agencyCode&amp;quot;:null,&amp;quot;bureauCode&amp;quot;:null,&amp;quot;divisionCode&amp;quot;:null,&amp;quot;groupCode&amp;quot;:null,&amp;quot;sectionCode&amp;quot;:null,&amp;quot;officeCode&amp;quot;:null},&amp;quot;refTaskItemI18NModels&amp;quot;:null,&amp;quot;refGISProcessProxAlertModels&amp;quot;:null,&amp;quot;refProcessProxAlertModels&amp;quot;:[],&amp;quot;refTaskActivityModels&amp;quot;:[],&amp;quot;refTaskStatusModels&amp;quot;:[{&amp;quot;statusDescription&amp;quot;:&amp;quot;Closed&amp;quot;,&amp;quot;resultingAction&amp;quot;:&amp;quot;Y&amp;quot;,&amp;quot;role&amp;quot;:null,&amp;quot;appTypeCode&amp;quot;:null,&amp;quot;applicationStatus&amp;quot;:&amp;quot;Closed&amp;quot;,&amp;quot;parentStatus&amp;quot;:null,&amp;quot;clockAction&amp;quot;:null,&amp;quot;resId&amp;quot;:null,&amp;quot;taskName&amp;quot;:&amp;quot;Task2&amp;quot;,&amp;quot;auditModel&amp;quot;:{&amp;quot;auditDate&amp;quot;:&amp;quot;2014-02-09T22:15:40.943&amp;quot;,&amp;quot;auditID&amp;quot;:&amp;quot;Nick Skertich&amp;quot;,&amp;quot;auditStatus&amp;quot;:&amp;quot;A&amp;quot;},&amp;quot;displayInACA&amp;quot;:&amp;quot;Y&amp;quot;,&amp;quot;refProcessNoteModels&amp;quot;:null,&amp;quot;refProcessReportModels&amp;quot;:[],&amp;quot;refTaskStatusI18NModels&amp;quot;:null,&amp;quot;workflowRefStdCondition&amp;quot;:null,&amp;quot;workflowRefMeetingTypeVirtual&amp;quot;:null,&amp;quot;referenceId&amp;quot;:null,&amp;quot;referenceFlag&amp;quot;:null,&amp;quot;serviceProviderCode&amp;quot;:&amp;quot;PARTNER&amp;quot;,&amp;quot;statusCode&amp;quot;:&amp;quot;SCODE2&amp;quot;,&amp;quot;processName&amp;quot;:&amp;quot;TEST&amp;quot;}],&amp;quot;taskSecurityModels&amp;quot;:null,&amp;quot;taskStatusSecurityModels&amp;quot;:null,&amp;quot;refTaskSpecInfoGroupModel&amp;quot;:null,&amp;quot;xcommentGroupEntitys&amp;quot;:null,&amp;quot;isCheckedStandardCommentGroup&amp;quot;:null,&amp;quot;entityDataRefTaskItem&amp;quot;:null,&amp;quot;taskNumber&amp;quot;:&amp;quot;012&amp;quot;,&amp;quot;parallelIndicator&amp;quot;:&amp;quot;000&amp;quot;,&amp;quot;skipIndicator&amp;quot;:&amp;quot;000&amp;quot;,&amp;quot;loopIndicator&amp;quot;:&amp;quot;000&amp;quot;,&amp;quot;nextActivator&amp;quot;:&amp;quot;000&amp;quot;,&amp;quot;branchActivator&amp;quot;:&amp;quot;000&amp;quot;,&amp;quot;skipActivator&amp;quot;:&amp;quot;000&amp;quot;,&amp;quot;loopActivator&amp;quot;:&amp;quot;000&amp;quot;,&amp;quot;estimatedHours&amp;quot;:null,&amp;quot;orderNumber&amp;quot;:null,&amp;quot;serviceProviderCode&amp;quot;:&amp;quot;PARTNER&amp;quot;,&amp;quot;processCode&amp;quot;:&amp;quot;TEST&amp;quot;,&amp;quot;stepNumber&amp;quot;:2}" label="Task2" id="5"&gt;
      &lt;mxCell parent="1" vertex="1"&gt;
        &lt;mxGeometry x="290" y="200" width="72" height="32" as="geometry"/&gt;
      &lt;/mxCell&gt;
    &lt;/Task&gt;
  &lt;/root&gt;
&lt;/mxGraphModel&gt;
</metaDataDefinition><needLayout>false</needLayout></workflowMetadata></workflow>
</list>